DocNo,sentence,tag
D1,Attacks,B-ATTACK
D1,can,O
D1,damage,O
D1,public,B-SYSTEM
D1,domain,I-SYSTEM
,,
D1,IDS,B-TOOL
D1,means,O
D1,Intrusion,B-TECHNIQUE
D1,Detection,I-TECHNIQUE
,,
D1,Snort,B-TOOL
D1,is,O
D1,used,O
D1,for,O
D1,Intrusion,B-TECHNIQUE
D1,Detection,I-TECHNIQUE
,,
D1,Snort,B-TOOL
D1,can,O
D1,detect,O
D1,network,B-ATTACK
D1,attacks,I-ATTACK
,,
D1,Snort,B-TOOL
D1,can,O
D1,also,O
D1,be,O
D1,used,O
D1,as,O
D1,a,O
D1,simple,O
D1,packet,B-TOOL
D1,logger,I-TOOL
,,
D1,Snort,B-TOOL
D1,can,O
D1,analyze,O
D1,real,O
D1,time,O
D1,traffic,B-DATA
,,
D1,Snort,B-TOOL
D1,can,O
D1,analyze,O
D1,real,O
D1,time,O
D1,data,B-FEATURE
D1,flow,I-FEATURE
,,
D1,Snort,B-TOOL
D1,can,O
D1,check,O
D1,protocol,B-TECHNIQUE
D1,analysis,I-TECHNIQUE
,,
D1,Snort,B-TOOL
D1,can,O
D1,detect,B-TECHNIQUE
D1,different,O
D1,types,O
D1,of,O
D1,attacks,B-ATTACK
,,
D1,Snort,B-TOOL
D1,checks,O
D1,the,O
D1,packet,B-DATA
D1,against,O
D1,user,B-FUNCTION
D1,rules,I-FUNCTION
,,
D1,Snort,B-FUNCTION
D1,rules,I-FUNCTION
D1,can,O
D1,be,O
D1,written,O
D1,in,O
D1,any,O
D1,language,B-FEATURE
,,
D1,Snort,B-FUNCTION
D1,rules,I-FUNCTION
D1,have,O
D1,good,O
D1,structure,O
,,
D1,Snort,B-TOOL
D1,match,O
D1,previous,B-FEATURE
D1,attack,B-FEATURE
D1,pattern,B-FEATURE
,,
D1,Snort,B-TOOL
D1,checks,O
D1,the,O
D1,network,B-FEATURE
D1,behavior,B-FEATURE
,,
D1,Snort,B-TOOL
D1,can,O
D1,discard,O
D1,the,O
D1,bad,B-DATA
D1,packet,I-DATA
,,
D1,Snort,B-TOOL
D1,has,O
D1,a,O
D1,Packet,B-TOOL
D1,Decoder,I-TOOL
,,
D1,Packet,B-TOOL
D1,Decoder,I-TOOL
D1,forms,O
D1,the,O
D1,packets,B-DATA
,,
D1,Packet,B-TOOL
D1,Decoder,I-TOOL
D1,determines,O
D1,the,O
D1,underlying,O
D1,protocols,B-FEATURE
,,
D1,Packet,B-TOOL
D1,Decoder,I-TOOL
D1,determines,O
D1,packet,B-DATA
D1,data,B-FEATURE
D1,size,I-FEATURE
,,
D1,Packet,B-TOOL
D1,Decoder,I-TOOL
D1,looks,O
D1,for,O
D1,header,B-VULNERABILITY
D1,anomalies,I-VULNERABILITY
,,
D1,Snort,B-TOOL
D1,has,O
D1,a,O
D1,Preprocessor,B-TOOL
,,
D1,Preprocessor,B-TOOL
D1,verify,O
D1,HTTP,B-VULNERABILITY
D1,anomalies,I-VULNERABILITY
,,
D1,Preprocessor,B-TOOL
D1,verify,O
D1,FTP,B-VULNERABILITY
D1,anomalies,I-VULNERABILITY
,,
D1,Preprocessor,B-TOOL
D1,can,O
D1,modify,O
D1,packet,B-DATA
D1,data,I-DATA
,,
D1,Snort,B-TOOL
D1,has,O
D1,Detection,B-TOOL
D1,Engine,I-TOOL
,,
D1,Detection,B-TOOL
D1,Engine,I-TOOL
D1,detects,B-TECHNIQUE
D1,intrusion,B-ATTACK
D1,in,O
D1,packet,B-DATA
,,
D1,Detection,B-TOOL
D1,Engine,I-TOOL
D1,chains,O
D1,the,O
D1,rules,B-FUNCTION
,,
D1,Snort,B-TOOL
D1,has,O
D1,Log,B-TOOL
D1,Alert,I-TOOL
D1,system,I-TOOL
,,
D1,Snort,B-TOOL
D1,has,O
D1,Output,B-TOOL
D1,Module,I-TOOL
,,
D1,Output,B-TOOL
D1,Module,I-TOOL
D1,controls,O
D1,output,B-FEATURE
D1,type,B-FEATURE
,,
D1,Output,B-TOOL
D1,Module,I-TOOL
D1,sends,O
D1,alerts,B-FEATURE
,,
D1,Snort,B-TOOL
D1,set,O
D1,into,O
D1,Sniff,B-FEATURE
D1,mode,I-FEATURE
,,
D1,Snort,B-TOOL
D1,can,O
D1,sniff,B-TECHNIQUE
D1,the,O
D1,Ingress,B-FEATURE
,,
D1,Snort,B-TOOL
D1,can,O
D1,sniff,B-TECHNIQUE
D1,the,O
D1,Egress,B-FEATURE
,,
D1,Ingress,B-FEATURE
D1,captures,O
D1,incoming,B-DATA
D1,traffic,I-DATA
,,
D1,Snort,B-TOOL
D1,sniffs,B-TECHNIQUE
D1,firewall,B-DATA
D1,traffic,I-DATA
,,
D1,Snort,B-TOOL
D1,has,O
D1,packet,B-TOOL
D1,logger,I-TOOL
,,
D1,The,O
D1,packet,B-TOOL
D1,logger,I-TOOL
D1,collects,O
D1,data,B-DATA
D1,as,O
D1,file,B-DATA
,,
D1,Snort,B-TOOL
D1,can,O
D1,output,O
D1,tcpdump,B-DATA
D1,pcap,I-DATA
,,
D1,Snort,B-TOOL
D1,can,O
D1,output,O
D1,unified2,B-TOOL
,,
D1,Wireshark,B-TOOL
D1,can,O
D1,read,O
D1,tcpdump,B-DATA
D1,pcap,I-DATA
,,
D1,Detection,B-TOOL
D1,alert,I-TOOL
D1,is,O
D1,added,O
D1,to,O
D1,IP,B-DATA
D1,packets,I-DATA
,,
D1,Snort,B-FUNCTION
D1,rules,I-FUNCTION
D1,is,O
D1,tested,O
D1,using,O
D1,icmp,B-FUNCTION
D1,rules,I-FUNCTION
,,
D1,Snort,B-FUNCTION
D1,rules,I-FUNCTION
D1,is,O
D1,tested,O
D1,using,O
D1,system,B-DATA
D1,variables,I-DATA
,,
D1,system,B-DATA
D1,variables,I-DATA
D1,can,O
D1,be,O
D1,edited,O
D1,in,O
D1,conf,B-DATA
D1,file,I-DATA
,,
D1,system,B-DATA
D1,variables,I-DATA
D1,can,O
D1,be,O
D1,set,O
D1,as,O
D1,home,B-SYSTEM
D1,network,I-SYSTEM
,,
D1,system,B-DATA
D1,variables,I-DATA
D1,can,O
D1,be,O
D1,set,O
D1,external,B-SYSTEM
D1,network,I-SYSTEM
,,
D1,Snort,B-FUNCTION
D1,rules,I-FUNCTION
D1,is,O
D1,tested,O
D1,using,O
D1,payload,B-FEATURE
D1,options,I-FEATURE
,,
D1,payload,B-FEATURE
D1,options,I-FEATURE
D1,shows,O
D1,captured,O
D1,data,B-DATA
,,
D1,Snort,B-FUNCTION
D1,rules,I-FUNCTION
D1,is,O
D1,tested,O
D1,using,O
D1,non,B-FEATURE
D1,payload,I-FEATURE
D1,options,I-FEATURE
,,
D1,Network,B-SYSTEM
D1,is,O
D1,set,O
D1,as,O
D1,client,B-SYSTEM
D1,gateway,I-SYSTEM
D1,server,I-SYSTEM
,,
D1,Packet,B-FEATURE
D1,forwarding,I-FEATURE
D1,enabled,O
D1,on,O
D1,Gateway,B-SYSTEM
,,
D1,Firewall,B-TOOL
D1,set,O
D1,to,O
D1,sniff,B-TECHNIQUE
D1,server,B-SYSTEM
,,
D1,Firewall,B-TOOL
D1,disabled,O
D1,for,O
D1,testing,B-FUNCTION
,,
D1,Blacklist,B-FEATURE
D1,enabled,O
D1,for,O
D1,testing,B-FUNCTION
,,
D1,Land,B-ATTACK
D1,Attack,I-ATTACK
D1,sends,O
D1,spoofed,B-VULNERABILITY
D1,TCP,B-DATA
D1,SYN,I-DATA
D1,Packets,I-DATA
,,
D2,Nmap,B-TOOL
D2,is,O
D2,an,O
D2,open,B-FEATURE
D2,source,I-FEATURE
D2,tool,B-TOOL
,,
D2,Nmap,B-TOOL
D2,is,O
D2,used,O
D2,for,O
D2,network,B-TECHNIQUE
D2,discovery,I-TECHNIQUE
,,
D2,Nmap,B-TOOL
D2,is,O
D2,used,O
D2,for,O
D2,security,B-TECHNIQUE
D2,auditing,I-TECHNIQUE
,,
D2,Nmap,B-TOOL
D2,displays,O
D2,exposed,B-VULNERABILITY
D2,services,B-APP
D2,on,O
D2,a,O
D2,target,B-SYSTEM
D2,machine,I-SYSTEM
D2,along,O
D2,with,O
D2,other,O
D2,useful,O
D2,information,B-DATA
D2,such,O
D2,as,O
D2,the,O
D2,version,B-TECHNIQUE
D2,and,O
D2,OS,B-TECHNIQUE
D2,detection,I-TECHNIQUE
,,
D2,Use,O
D2,nmap,B-TOOL
D2,to,O
D2,send,O
D2,customized,O
D2,packets,B-DATA
D2,for,O
D2,network,B-TECHNIQUE
D2,diagnostic,I-TECHNIQUE
D2,and,O
D2,testing,B-FUNCTION
,,
D2,Use,O
D2,nmap,B-TOOL
D2,to,O
D2,send,O
D2,customized,O
D2,packets,B-DATA
D2,for,O
D2,emulating,O
D2,attacks,B-ATTACK
,,
D2,Nmap,B-TOOL
D2,is,O
D2,a,O
D2,network,B-FEATURE
D2,mapper,I-FEATURE
D2,that,O
D2,has,O
D2,emerged,O
D2,as,O
D2,one,O
D2,of,O
D2,the,O
D2,most,O
D2,popular,O
D2,free,O
D2,network,B-TECHNIQUE
D2,discovery,I-TECHNIQUE
D2,tools,B-TOOL
D2,on,O
D2,the,O
D2,market,O
,,
D2,Nmap,B-TOOL
D2,is,O
D2,now,O
D2,one,O
D2,of,O
D2,the,O
D2,core,O
D2,tools,B-TOOL
D2,used,O
D2,by,O
D2,network,B-SECURITYTEAM
D2,administrators,I-SECURITYTEAM
D2,to,O
D2,map,B-FUNCTION
D2,their,O
D2,networks,B-SYSTEM
,,
D2,The,O
D2,program,B-FUNCTION
D2,can,O
D2,find,O
D2,live,B-SYSTEM
D2,hosts,I-SYSTEM
D2,on,O
D2,a,O
D2,network,B-SYSTEM
D2,perform,O
D2,port,B-TECHNIQUE
D2,scanning,I-TECHNIQUE
D2,ping,B-TECHNIQUE
D2,sweeps,I-TECHNIQUE
D2,OS,B-TECHNIQUE
D2,detection,I-TECHNIQUE
D2,and,O
D2,version,B-TECHNIQUE
D2,detection,I-TECHNIQUE
,,
D2,What,O
D2,is,O
D2,Nmap,B-TOOL
,,
D2,Nmap,B-TOOL
D2,is,O
D2,a,O
D2,network,B-TECHNIQUE
D2,scanning,I-TECHNIQUE
D2,tool,B-TOOL
D2,that,O
D2,uses,O
D2,IP,B-DATA
D2,packets,I-DATA
D2,to,O
D2,identify,O
D2,all,O
D2,the,O
D2,devices,B-SYSTEM
D2,connected,O
D2,to,O
D2,a,O
D2,network,B-SYSTEM
D2,and,O
D2,provide,O
D2,information,B-DATA
D2,on,O
D2,the,O
D2,services,B-APP
D2,and,O
D2,operating,B-SYSTEM
D2,systems,I-SYSTEM
D2,they,O
D2,are,O
D2,running,O
,,
D2,The,O
D2,program,O
D2,is,O
D2,most,O
D2,commonly,O
D2,used,O
D2,via,O
D2,a,O
D2,command-line,B-TOOL
D2,interface,I-TOOL
D2,though,O
D2,GUI,B-TOOL
D2,front-ends,I-TOOL
D2,are,O
D2,also,O
D2,available,O
,,
D2,It,O
D2,is,O
D2,available,O
D2,for,O
D2,many,O
D2,different,O
D2,operating,B-SYSTEM
D2,systems,I-SYSTEM
D2,such,O
D2,as,O
D2,Linux,B-SYSTEM
D2,Free,B-SYSTEM
D2,BSD,I-SYSTEM
D2,and,O
D2,Gentoo,B-SYSTEM
,,
D2,Nmap,B-TOOL
D2,was,O
D2,developed,O
D2,for,O
D2,enterprise-scale,B-SYSTEM
D2,networks,I-SYSTEM
D2,and,O
D2,can,O
D2,scan,B-FUNCTION
D2,through,O
D2,thousands,O
D2,of,O
D2,connected,B-SYSTEM
D2,devices,I-SYSTEM
,,
D2,Moreover,O
D2,Nmap,B-TOOL
D2,has,O
D2,been,O
D2,increasingly,O
D2,used,O
D2,to,O
D2,inspect,O
D2,IoT,B-TECHNIQUE
D2,security,I-TECHNIQUE
,,
D2,Nmap,B-TOOL
D2,provides,O
D2,information,B-DATA
D2,on,O
D2,every,O
D2,active,B-FEATURE
D2,IP,B-FEATURE
D2,so,O
D2,you,O
D2,can,O
D2,determine,O
D2,if,O
D2,an,O
D2,IP,B-FEATURE
D2,is,O
D2,being,O
D2,used,O
D2,by,O
D2,a,O
D2,legitimate,B-FEATURE
D2,service,B-APP
D2,or,O
D2,an,O
D2,external,B-ATTACKER
D2,attacker,I-ATTACKER
,,
D2,Your,O
D2,network,B-SYSTEM
D2,as,O
D2,a,O
D2,whole,O
D2,including,O
D2,live,B-SYSTEM
D2,hosts,I-SYSTEM
D2,open,B-FEATURE
D2,ports,I-FEATURE
D2,and,O
D2,the,O
D2,OS,B-SYSTEM
D2,of,O
D2,every,O
D2,connected,B-SYSTEM
D2,device,I-SYSTEM
,,
D2,Vulnerabilities,B-VULNERABILITY
D2,scan,B-FUNCTION
D2,your,O
D2,own,O
D2,server,B-SYSTEM
D2,to,O
D2,simulate,O
D2,the,O
D2,process,B-TECHNIQUE
D2,that,O
D2,a,O
D2,hacker,B-ATTACKER
D2,would,O
D2,use,O
D2,to,O
D2,attack,B-ATTACK
D2,your,O
D2,site,B-SYSTEM
,,
D2,The,O
D2,primary,O
D2,uses,O
D2,of,O
D2,Nmap,B-TOOL
D2,can,O
D2,be,O
D2,broken,O
D2,into,O
D2,three,O
D2,core,O
D2,processes,B-TECHNIQUE
,,
D2,First,O
D2,the,O
D2,program,O
D2,gives,O
D2,you,O
D2,detailed,O
D2,information,B-DATA
D2,on,O
D2,every,O
D2,IP,B-FEATURE
D2,active,B-FEATURE
D2,on,O
D2,your,O
D2,networks,B-SYSTEM
D2,and,O
D2,each,O
D2,IP,B-FEATURE
D2,can,O
D2,then,O
D2,be,O
D2,scanned,B-FUNCTION
,,
D2,This,O
D2,allows,O
D2,administrators,B-SECURITYTEAM
D2,to,O
D2,check,O
D2,whether,O
D2,an,O
D2,IP,B-FEATURE
D2,is,O
D2,being,O
D2,used,O
D2,by,O
D2,a,O
D2,legitimate,B-FEATURE
D2,service,I-FEATURE
D2,or,O
D2,an,O
D2,external,B-ATTACKER
D2,attacker,I-ATTACKER
,,
D2,Secondly,O
D2,Nmap,B-TOOL
D2,provides,O
D2,information,B-DATA
D2,on,O
D2,your,O
D2,network,B-SYSTEM
D2,as,O
D2,a,O
D2,whole,O
,,
D2,It,O
D2,can,O
D2,be,O
D2,used,O
D2,to,O
D2,provide,O
D2,a,O
D2,list,O
D2,of,O
D2,live,B-SYSTEM
D2,hosts,I-SYSTEM
D2,and,O
D2,open,B-FEATURE
D2,ports,I-FEATURE
D2,and,O
D2,identify,O
D2,the,O
D2,OS,B-SYSTEM
D2,of,O
D2,every,O
D2,connected,B-SYSTEM
D2,device,I-SYSTEM
,,
D2,This,O
D2,makes,O
D2,it,O
D2,a,O
D2,valuable,O
D2,tool,B-TOOL
D2,in,O
D2,ongoing,O
D2,system,B-TECHNIQUE
D2,monitoring,I-TECHNIQUE
D2,and,O
D2,a,O
D2,critical,O
D2,part,O
D2,of,O
D2,pentesting,B-TECHNIQUE
,,
D2,Nmap,B-TOOL
D2,can,O
D2,be,O
D2,used,O
D2,alongside,O
D2,the,O
D2,Metasploit,B-TOOL
D2,framework,I-TOOL
D2,for,O
D2,instance,O
D2,to,O
D2,probe,B-TECHNIQUE
D2,and,O
D2,then,O
D2,repair,O
D2,network,B-VULNERABILITY
D2,vulnerabilities,I-VULNERABILITY
,,
D2,Thirdly,O
D2,Nmap,B-TOOL
D2,has,O
D2,also,O
D2,become,O
D2,a,O
D2,valuable,O
D2,tool,B-TOOL
D2,for,O
D2,users,B-USER
D2,looking,O
D2,to,O
D2,protect,O
D2,personal,B-SYSTEM
D2,and,O
D2,business,B-SYSTEM
D2,websites,I-SYSTEM
,,
D2,Using,O
D2,Nmap,B-TOOL
D2,to,O
D2,scan,B-TECHNIQUE
D2,your,O
D2,own,O
D2,web,B-SYSTEM
D2,server,I-SYSTEM
D2,particularly,O
D2,if,O
D2,you,O
D2,are,O
D2,hosting,B-FEATURE
D2,your,O
D2,website,B-SYSTEM
D2,from,O
D2,home,B-SYSTEM
D2,is,O
D2,essentially,O
D2,simulating,O
D2,a,O
D2,hacker,B-ATTACKER
D2,process,B-TECHNIQUE
D2,to,O
D2,attack,B-ATTACK
D2,your,O
D2,site,B-SYSTEM
,,
D2,Attacking,B-ATTACK
D2,your,O
D2,own,O
D2,site,B-SYSTEM
D2,in,O
D2,this,O
D2,way,O
D2,is,O
D2,a,O
D2,powerful,O
D2,way,O
D2,of,O
D2,identifying,O
D2,security,B-VULNERABILITY
D2,vulnerabilities,I-VULNERABILITY
,,
D2,Nmap,B-TOOL
D2,is,O
D2,straightforward,O
D2,to,O
D2,use,O
D2,and,O
D2,most,O
D2,of,O
D2,the,O
D2,tools,B-TOOL
D2,it,O
D2,provides,O
D2,are,O
D2,familiar,O
D2,to,O
D2,system,B-SECURITYTEAM
D2,admins,I-SECURITYTEAM
D2,from,O
D2,other,O
D2,programs,B-FUNCTION
,,
D2,Nmap,B-TOOL
D2,advantage,O
D2,is,O
D2,that,O
D2,it,O
D2,brings,O
D2,a,O
D2,wide,O
D2,range,O
D2,of,O
D2,these,O
D2,tools,B-TOOL
D2,into,O
D2,one,O
D2,program,B-FUNCTION
D2,rather,O
D2,than,O
D2,forcing,O
D2,you,O
D2,to,O
D2,skip,O
D2,between,O
D2,separate,O
D2,and,O
D2,discrete,O
D2,network,B-TECHNIQUE
D2,monitoring,I-TECHNIQUE
D2,tools,B-TOOL
,,
D2,To,O
D2,use,O
D2,Nmap,B-TOOL
D2,you,O
D2,need,O
D2,to,O
D2,be,O
D2,familiar,O
D2,with,O
D2,command-line,B-TOOL
D2,interfaces,I-TOOL
,,
D2,Most,O
D2,advanced,O
D2,users,B-USER
D2,can,O
D2,write,O
D2,scripts,B-FUNCTION
D2,to,O
D2,automate,B-FEATURE
D2,common,O
D2,tasks,O
D2,but,O
D2,this,O
D2,is,O
D2,unnecessary,O
D2,for,O
D2,basic,O
D2,network,B-TECHNIQUE
D2,monitoring,I-TECHNIQUE
,,
D2,TCP,B-TECHNIQUE
D2,Full,I-TECHNIQUE
D2,Connect,I-TECHNIQUE
D2,Vanilla,I-TECHNIQUE
D2,Scan,I-TECHNIQUE
,,
D2,we,O
D2,assume,O
D2,that,O
D2,the,O
D2,scanning,B-TECHNIQUE
D2,target�s,B-SYSTEM
D2,IP,B-FEATURE
D2,address,I-FEATURE
,,
D2,TCP,B-TECHNIQUE
D2,Connect,I-TECHNIQUE
D2,scan,I-TECHNIQUE
D2,completes,O
D2,the,O
D2,3-way,B-TECHNIQUE
D2,handshake,I-TECHNIQUE
,,
D2,If,O
D2,a,O
D2,port,B-FEATURE
D2,is,O
D2,open,B-FEATURE
D2,the,O
D2,operating,B-SYSTEM
D2,system,I-SYSTEM
D2,completed,O
D2,the,O
D2,TCP,B-FEATURE
D2,three-way,B-TECHNIQUE
D2,handshake,I-TECHNIQUE
D2,and,O
D2,the,O
D2,port,B-TOOL
D2,scanner,I-TOOL
D2,immediately,O
D2,closes,O
D2,the,O
D2,connection,B-FEATURE
D2,to,O
D2,avoid,O
D2,DOS,B-ATTACK
,,
D2,This,O
D2,is,O
D2,noisy,B-FEATURE
D2,because,O
D2,the,O
D2,services,B-FEATURE
D2,can,O
D2,log,B-FUNCTION
D2,the,O
D2,sender,B-SYSTEM
D2,IP,B-FEATURE
D2,address,I-FEATURE
D2,and,O
D2,trigger,O
D2,Intrusion,B-TOOL
D2,Detection,I-TOOL
D2,Systems,I-TOOL
,,
D2,the,O
D2,Full,B-TECHNIQUE
D2,scan,I-TECHNIQUE
D2,has,O
D2,the,O
D2,following,O
D2,features,O
,,
D2,Attempts,O
D2,to,O
D2,completes,O
D2,3-way,B-TECHNIQUE
D2,handshake,I-TECHNIQUE
D2,with,O
D2,each,O
D2,scanned,B-VULNERABILITY
D2,port,B-FEATURE
,,
D2,Sends,B-FUNCTION
D2,SYN,B-FEATURE
D2,and,O
D2,waits,O
D2,for,O
D2,ACK,B-FEATURE
D2,before,O
D2,sending,B-FUNCTION
D2,ACK,B-FEATURE
,,
D2,Tears,B-FEATURE
D2,down,I-FEATURE
D2,connection,B-FEATURE
D2,using,O
D2,FIN,B-DATA
D2,packets,I-DATA
,,
D2,If,O
D2,target,B-FEATURE
D2,port,I-FEATURE
D2,is,O
D2,closed,B-FEATURE
D2,sender,B-SYSTEM
D2,will,O
D2,received,B-FUNCTION
D2,either,O
D2,no,O
D2,response,B-FEATURE
D2,a,O
D2,RESET,B-DATA
D2,packet,I-DATA
D2,or,O
D2,an,O
D2,ICMP,B-DATA
D2,Port,I-DATA
D2,Unreachable,I-DATA
D2,packet,I-DATA
,,
D2,Not,O
D2,stealthy,B-VULNERABILITY
D2,the,O
D2,connection,B-FEATURE
D2,request,I-FEATURE
D2,can,O
D2,be,O
D2,logged,B-FUNCTION
,,
D2,UDP,B-TECHNIQUE
D2,scan,I-TECHNIQUE
D2,checks,O
D2,to,O
D2,see,O
D2,if,O
D2,any,O
D2,UDP,B-FEATURE
D2,ports,I-FEATURE
D2,are,O
D2,listening,B-FEATURE
,,
D2,Since,O
D2,UDP,B-FEATURE
D2,does,O
D2,not,O
D2,respond,B-FEATURE
D2,with,O
D2,a,O
D2,positive,B-FEATURE
D2,acknowledgment,I-FEATURE
D2,like,O
D2,TCP,B-FEATURE
D2,and,O
D2,only,O
D2,responds,B-FEATURE
D2,to,O
D2,an,O
D2,incoming,B-FEATURE
D2,UDP,B-DATA
D2,packet,I-DATA
D2,when,O
D2,the,O
D2,port,B-FEATURE
D2,is,O
D2,closed,B-FEATURE
D2,this,O
D2,type,O
D2,of,O
D2,scan,B-TECHNIQUE
D2,can,O
D2,sometimes,O
D2,show,O
D2,FALSE,B-FEATURE
D2,positives,I-FEATURE
,,
D2,However,O
D2,it,O
D2,can,O
D2,also,O
D2,reveal,B-FEATURE
D2,Trojan,B-ATTACK
D2,horses,I-ATTACK
D2,running,O
D2,on,O
D2,high,B-FEATURE
D2,UDP,I-FEATURE
D2,ports,I-FEATURE
D2,and,O
D2,hidden,B-VULNERABILITY
D2,RPC,I-VULNERABILITY
D2,services,I-VULNERABILITY
,,
D2,It,O
D2,may,O
D2,be,O
D2,quite,O
D2,slow,O
D2,since,O
D2,some,O
D2,machines,B-SYSTEM
D2,intentionally,O
D2,slow,B-FEATURE
D2,down,I-FEATURE
D2,responses,I-FEATURE
D2,to,O
D2,this,O
D2,kind,O
D2,of,O
D2,traffic,B-DATA
D2,to,O
D2,avoid,O
D2,being,O
D2,overwhelmed,O
,,
D2,Machines,B-SYSTEM
D2,running,O
D2,Windows,B-SYSTEM
D2,OS,I-SYSTEM
D2,however,O
D2,do,O
D2,not,O
D2,implement,O
D2,this,O
D2,slowdown,B-FEATURE
D2,feature,I-FEATURE
D2,so,O
D2,you,O
D2,should,O
D2,use,O
D2,UDP,B-FEATURE
D2,to,O
D2,scan,B-TECHNIQUE
D2,Windows,B-SYSTEM
D2,hosts,B-SYSTEM
D2,normally,O
,,
D2,The,O
D2,UDP,B-TECHNIQUE
D2,Scan,I-TECHNIQUE
D2,sends,O
D2,a,O
D2,UDP,B-DATA
D2,packet,I-DATA
D2,to,O
D2,target,B-FEATURE
D2,ports,I-FEATURE
D2,to,O
D2,determine,O
D2,if,O
D2,a,O
D2,UDP,B-FEATURE
D2,service,I-FEATURE
D2,is,O
D2,listening,B-FEATURE
,,
D2,If,O
D2,the,O
D2,target,B-SYSTEM
D2,system,I-SYSTEM
D2,returns,O
D2,an,O
D2,ICMP,B-DATA
D2,Port,I-DATA
D2,Unreachable,I-DATA
D2,message,I-DATA
D2,the,O
D2,target,B-FEATURE
D2,port,I-FEATURE
D2,is,O
D2,closed,B-FEATURE
D2,Otherwise,O
D2,the,O
D2,target,B-FEATURE
D2,port,I-FEATURE
D2,is,O
D2,assumed,O
D2,to,O
D2,be,O
D2,open,B-FEATURE
,,
D2,UDP,B-TECHNIQUE
D2,scan,I-TECHNIQUE
D2,is,O
D2,unreliable,O
D2,since,O
D2,there,O
D2,may,O
D2,be,O
D2,FALSE,B-FEATURE
D2,positives,I-FEATURE
,,
D2,The,O
D2,UDP,B-TECHNIQUE
D2,scan,I-TECHNIQUE
D2,can,O
D2,be,O
D2,very,O
D2,slow,B-FEATURE
D2,due,O
D2,to,O
D2,the,O
D2,following,O
D2,reasons,O
,,
D2,Open,B-FEATURE
D2,and,O
D2,filtered,B-FEATURE
D2,ports,I-FEATURE
D2,rarely,O
D2,send,B-FUNCTION
D2,any,O
D2,response,B-FEATURE
D2,leaving,O
D2,Nmap,B-TOOL
D2,to,O
D2,time,B-FEATURE
D2,out,I-FEATURE
,,
D2,Closed,B-FEATURE
D2,ports,I-FEATURE
D2,usually,O
D2,send,O
D2,back,O
D2,an,O
D2,ICMP,B-DATA
D2,port,I-DATA
D2,unreachable,I-DATA
D2,error,I-DATA
D2,But,O
D2,many,O
D2,hosts,B-SYSTEM
D2,rate,B-TECHNIQUE
D2,limit,I-TECHNIQUE
D2,ICMP,B-DATA
D2,port,I-DATA
D2,unreachable,I-DATA
D2,messages,I-DATA
D2,by,O
D2,default,B-FEATURE
D2,eg,O
D2,1/sec,O
,,
D2,To,O
D2,speed,O
D2,up,O
D2,the,O
D2,UDP,B-TECHNIQUE
D2,scan,I-TECHNIQUE
D2,Increase,O
D2,host,B-FEATURE
D2,parallelism,O
D2,use,B-FEATURE
D2,min-hostgroup,I-FEATURE
D2,to,O
D2,scan,B-TECHNIQUE
D2,multiple,O
D2,hosts,B-SYSTEM
D2,at,O
D2,once,O
,,
D2,Scan,B-TECHNIQUE
D2,popular,O
D2,ports,B-FEATURE
D2,first,O
D2,using,O
D2,the,O
D2,F,O
D2,option,O
D2,to,O
D2,scan,B-TECHNIQUE
D2,the,O
D2,most,O
D2,common,O
D2,UDP,B-FEATURE
D2,ports,I-FEATURE
,,
D2,Add,O
D2,version-intensity,B-FEATURE
D2,0,O
D2,to,O
D2,version,B-TECHNIQUE
D2,detection,I-TECHNIQUE
D2,scans,B-TECHNIQUE
,,
D2,Scan,B-TECHNIQUE
D2,from,O
D2,behind,B-FEATURE
D2,the,I-FEATURE
D2,firewall,I-FEATURE
,,
D2,Use,O
D2,host-timeout,B-FEATURE
D2,to,O
D2,skip,O
D2,slow,B-SYSTEM
D2,hosts,I-SYSTEM
,,
D2,Use,O
D2,v,O
D2,verbosity,B-FEATURE
D2,and,O
D2,chill,B-FEATURE
D2,out,I-FEATURE
D2,Nmap,B-TOOL
D2,provides,O
D2,estimated,O
D2,time,O
D2,for,O
D2,scan,B-TECHNIQUE
D2,completion,O
D2,of,O
D2,each,O
D2,host,B-SYSTEM
,,
D2,SYN,B-TECHNIQUE
D2,scan,I-TECHNIQUE
D2,is,O
D2,another,O
D2,form,O
D2,of,O
D2,TCP,B-TECHNIQUE
D2,scanning,I-TECHNIQUE
,,
D2,Rather,O
D2,than,O
D2,using,O
D2,the,O
D2,operating,B-SYSTEM
D2,system�s,I-SYSTEM
D2,network,B-FUNCTION
D2,functions,I-FUNCTION
D2,the,O
D2,port,B-TOOL
D2,scanner,I-TOOL
D2,generates,O
D2,raw,B-DATA
D2,IP,I-DATA
D2,packets,I-DATA
D2,and,O
D2,monitors,B-TECHNIQUE
D2,for,O
D2,responses,B-FEATURE
,,
D2,This,O
D2,scan,B-TECHNIQUE
D2,type,O
D2,is,O
D2,also,O
D2,known,O
D2,as,O
D2,half-open,B-TECHNIQUE
D2,scanning,I-TECHNIQUE
D2,because,O
D2,it,O
D2,never,O
D2,actually,O
D2,opens,B-FEATURE
D2,a,O
D2,full,B-FEATURE
D2,TCP,I-FEATURE
D2,connection,I-FEATURE
,,
D2,The,O
D2,port,B-TOOL
D2,scanner,I-TOOL
D2,generates,O
D2,a,O
D2,SYN,B-DATA
D2,packet,I-DATA
,,
D2,If,O
D2,the,O
D2,target,B-FEATURE
D2,port,I-FEATURE
D2,is,O
D2,open,B-FEATURE
D2,it,O
D2,will,O
D2,respond,B-FEATURE
D2,with,O
D2,an,O
D2,SYN-ACK,B-DATA
D2,packet,I-DATA
,,
D2,The,O
D2,scanner,B-TOOL
D2,host,B-SYSTEM
D2,responds,B-FEATURE
D2,with,O
D2,an,O
D2,RST,B-DATA
D2,packet,I-DATA
D2,closing,B-FEATURE
D2,the,O
D2,connection,B-FEATURE
D2,before,O
D2,the,O
D2,handshake,B-TECHNIQUE
D2,is,O
D2,completed,O
,,
D2,If,O
D2,the,O
D2,port,B-FEATURE
D2,is,O
D2,closed,B-FEATURE
D2,but,O
D2,unfiltered,B-FEATURE
D2,the,O
D2,target,B-SYSTEM
D2,will,O
D2,instantly,O
D2,respond,B-FEATURE
D2,with,O
D2,an,O
D2,RST,B-DATA
D2,packet,I-DATA
,,
D2,There,O
D2,is,O
D2,debate,O
D2,over,O
D2,which,O
D2,scan,B-TECHNIQUE
D2,is,O
D2,less,O
D2,intrusive,B-ATTACK
D2,on,O
D2,the,O
D2,target,B-SYSTEM
D2,host,I-SYSTEM
,,
D2,SYN,B-TECHNIQUE
D2,scan,I-TECHNIQUE
D2,has,O
D2,the,O
D2,advantage,O
D2,that,O
D2,the,O
D2,individual,O
D2,services,B-FEATURE
D2,never,O
D2,actually,O
D2,receive,B-FUNCTION
D2,a,O
D2,connection,B-FEATURE
,,
D2,Only,O
D2,sends,O
D2,the,O
D2,initial,O
D2,SYN,B-FEATURE
D2,and,O
D2,waits,O
D2,for,O
D2,ACK,B-FEATURE
D2,to,O
D2,detect,B-TECHNIQUE
D2,open,B-FEATURE
D2,port,I-FEATURE
,,
D2,SYN,B-TECHNIQUE
D2,scans,I-TECHNIQUE
D2,stop,O
D2,two-thirds,O
D2,of,O
D2,the,O
D2,way,O
D2,through,O
D2,the,O
D2,3-way,B-TECHNIQUE
D2,handshake,I-TECHNIQUE
D2,aka,O
D2,half-open,B-TECHNIQUE
D2,scan,I-TECHNIQUE
,,
D2,Attacker,B-ATTACKER
D2,sends,O
D2,a,O
D2,RESET,B-FEATURE
D2,RST,I-FEATURE
D2,after,O
D2,receiving,B-FEATURE
D2,an,O
D2,SYN-ACK,B-FEATURE
D2,response,I-FEATURE
,,
D2,A,O
D2,TRUE,O
D2,connection,B-FEATURE
D2,is,O
D2,never,O
D2,established,B-FEATURE
D2,thus,O
D2,the,O
D2,target,B-SYSTEM
D2,may,O
D2,not,O
D2,log,B-FUNCTION
D2,the,O
D2,connection,B-FEATURE
,,
D2,Faster,O
D2,and,O
D2,stealthier,B-VULNERABILITY
D2,than,O
D2,a,O
D2,full,B-TECHNIQUE
D2,TCP,I-TECHNIQUE
D2,Connect,I-TECHNIQUE
D2,scans,I-TECHNIQUE
,,
D2,If,O
D2,the,O
D2,target,B-FEATURE
D2,port,I-FEATURE
D2,is,O
D2,closed,B-FEATURE
D2,the,O
D2,destination,B-SYSTEM
D2,will,O
D2,send,O
D2,a,O
D2,RESET,B-FEATURE
D2,or,O
D2,nothing,O
,,
D2,SYN,B-ATTACK
D2,flood,I-ATTACK
D2,may,O
D2,cause,O
D2,accidental,B-ATTACK
D2,denial-of-service,B-ATTACK
D2,attacks,I-ATTACK
D2,if,O
D2,the,O
D2,target,B-SYSTEM
D2,is,O
D2,slow,B-FEATURE
,,
D2,FIN,B-TECHNIQUE
D2,scan,I-TECHNIQUE
D2,is,O
D2,a,O
D2,stealthy,B-TECHNIQUE
D2,scan,I-TECHNIQUE
D2,like,O
D2,the,O
D2,SYN,B-TECHNIQUE
D2,scan,I-TECHNIQUE
D2,but,O
D2,sends,B-FUNCTION
D2,a,O
D2,TCP,B-DATA
D2,FIN,I-DATA
D2,packet,I-DATA
D2,instead,O
,,
D2,Most,O
D2,but,O
D2,not,O
D2,all,O
D2,computers,O
D2,will,O
D2,send,O
D2,an,O
D2,RST,B-DATA
D2,packet,I-DATA
D2,back,O
D2,if,O
D2,they,O
D2,get,O
D2,this,O
D2,input,B-FEATURE
D2,so,O
D2,that,O
D2,the,O
D2,FIN,B-TECHNIQUE
D2,scan,I-TECHNIQUE
D2,can,O
D2,show,O
D2,FALSE,B-FEATURE
D2,positives,I-FEATURE
D2,and,O
D2,negatives,B-FEATURE
D2,but,O
D2,it,O
D2,may,O
D2,get,O
D2,under,O
D2,the,O
D2,radar,O
D2,of,O
D2,some,O
D2,IDS,B-TOOL
D2,programs,B-FUNCTION
D2,and,O
D2,other,O
D2,countermeasures,O
,,
D2,Ack,B-TECHNIQUE
D2,scanning,I-TECHNIQUE
D2,determines,O
D2,whether,O
D2,the,O
D2,port,B-FEATURE
D2,is,O
D2,filtered,B-FEATURE
D2,or,O
D2,not,O
,,
D2,This,O
D2,is,O
D2,especially,O
D2,good,O
D2,when,O
D2,attempting,O
D2,to,O
D2,probe,B-TECHNIQUE
D2,for,O
D2,the,O
D2,existence,O
D2,of,O
D2,a,O
D2,firewall,B-TOOL
D2,and,O
D2,its,O
D2,rulesets,B-FUNCTION
,,
D2,Simple,O
D2,packet,B-TECHNIQUE
D2,filtering,I-TECHNIQUE
D2,will,O
D2,allow,O
D2,established,B-FEATURE
D2,connections,I-FEATURE
D2,packets,B-DATA
D2,with,O
D2,the,O
D2,ACK,I-DATA
D2,bit,I-DATA
D2,set,O
D2,whereas,O
D2,a,O
D2,more,O
D2,sophisticated,O
D2,stateful,B-FEATURE
D2,firewall,B-TOOL
D2,might,O
D2,not,O
,,
D2,ACK,B-TECHNIQUE
D2,scan,I-TECHNIQUE
D2,Sends,O
D2,a,O
D2,packet,B-DATA
D2,with,O
D2,the,O
D2,ACK,B-DATA
D2,code,I-DATA
D2,bit,I-DATA
D2,set,I-DATA
D2,to,O
D2,each,O
D2,target,B-FEATURE
D2,port,I-FEATURE
,,
D2,Allows,O
D2,the,O
D2,attacker,B-ATTACKER
D2,to,O
D2,get,O
D2,past,O
D2,some,O
D2,packet,B-TECHNIQUE
D2,filtering,I-TECHNIQUE
D2,devices,B-SYSTEM
,,
D2,Allows,O
D2,the,O
D2,attacker,B-ATTACKER
D2,to,O
D2,determine,O
D2,what,O
D2,kind,O
D2,of,O
D2,established,B-FEATURE
D2,connections,I-FEATURE
D2,a,O
D2,firewall,B-TOOL
D2,or,O
D2,router,B-SYSTEM
D2,will,O
D2,allow,O
D2,into,O
D2,a,O
D2,network,B-SYSTEM
D2,by,O
D2,determining,O
D2,which,O
D2,ports,B-FEATURE
D2,through,O
D2,a,O
D2,firewall,B-TOOL
D2,allow,O
D2,established,B-FEATURE
D2,connection,I-FEATURE
D2,responses,B-FEATURE
,,
D2,If,O
D2,no,O
D2,response,B-FEATURE
D2,or,O
D2,an,O
D2,ICMP,B-DATA
D2,Port,I-DATA
D2,Unreachable,I-DATA
D2,message,I-DATA
D2,is,O
D2,returned,O
D2,Nmap,B-TOOL
D2,will,O
D2,label,O
D2,the,O
D2,target,B-FEATURE
D2,port,I-FEATURE
D2,as,O
D2,filtered,B-FEATURE
D2,meaning,O
D2,that,O
D2,a,O
D2,packet,B-TECHNIQUE
D2,filter,I-TECHNIQUE
D2,is,O
D2,blocking,B-FEATURE
D2,the,O
D2,response,B-FEATURE
,,
D2,Another,O
D2,very,O
D2,stealthy,B-TECHNIQUE
D2,scan,I-TECHNIQUE
D2,that,O
D2,sets,O
D2,all,O
D2,the,O
D2,TCP,B-FEATURE
D2,header,I-FEATURE
D2,flags,I-FEATURE
D2,to,O
D2,off,O
D2,or,O
D2,,O
,,
D2,This,O
D2,is,O
D2,not,O
D2,normally,O
D2,a,O
D2,valid,O
D2,packet,B-DATA
D2,and,O
D2,some,O
D2,hosts,B-SYSTEM
D2,will,O
D2,not,O
D2,know,O
D2,what,O
D2,to,O
D2,do,O
D2,with,O
D2,this,O
,,
D2,Windows,B-SYSTEM
D2,operating,I-SYSTEM
D2,systems,I-SYSTEM
D2,are,O
D2,in,O
D2,this,O
D2,group,O
D2,and,O
D2,scanning,B-TECHNIQUE
D2,them,O
D2,with,O
D2,,B-TECHNIQUE
D2,scans,I-TECHNIQUE
D2,will,O
D2,produce,O
D2,unreliable,O
D2,results,O
,,
D2,However,O
D2,for,O
D2,non-Windows,B-SYSTEM
D2,servers,I-SYSTEM
D2,protected,O
D2,by,O
D2,a,O
D2,firewall,B-TOOL
D2,this,O
D2,can,O
D2,be,O
D2,a,O
D2,way,O
D2,to,O
D2,get,O
D2,through,O
,,
D2,XMAS,B-TECHNIQUE
D2,scan,I-TECHNIQUE
D2,is,O
D2,similar,O
D2,to,O
D2,the,O
D2,,B-TECHNIQUE
D2,scan,I-TECHNIQUE
D2,except,O
D2,for,O
D2,all,O
D2,the,O
D2,flags,B-FEATURE
D2,in,O
D2,the,O
D2,TCP,B-FEATURE
D2,header,I-FEATURE
D2,is,O
D2,set,O
D2,to,O
D2,on,O
,,
D2,Windows,B-SYSTEM
D2,machines,I-SYSTEM
D2,wont,O
D2,respond,B-FEATURE
D2,to,O
D2,this,O
D2,due,O
D2,to,O
D2,the,O
D2,way,O
D2,their,O
D2,TCP,B-FEATURE
D2,stack,I-FEATURE
D2,is,O
D2,implemented,O
,,
D2,Xmas,O
D2,scans,O
D2,derive,O
D2,their,O
D2,name,O
D2,from,O
D2,the,O
D2,set,O
D2,of,O
D2,flags,B-FEATURE
D2,that,O
D2,are,O
D2,turned,O
D2,on,O
D2,within,O
D2,a,O
D2,packet,B-DATA
,,
D2,These,O
D2,scans,B-TECHNIQUE
D2,are,O
D2,designed,O
D2,to,O
D2,manipulate,O
D2,the,O
D2,PSH,B-FEATURE
D2,URG,B-FEATURE
D2,and,O
D2,FIN,B-FEATURE
D2,flags,I-FEATURE
D2,of,O
D2,the,O
D2,TCP,B-FEATURE
D2,header,I-FEATURE
,,
D2,RPC,B-TECHNIQUE
D2,scan,I-TECHNIQUE
D2,is,O
D2,special,O
D2,type,O
D2,of,O
D2,scan,B-TECHNIQUE
D2,looks,O
D2,for,O
D2,machines,B-SYSTEM
D2,answering,O
D2,to,O
D2,RPC,B-FUNCTION
D2,Remote,B-FUNCTION
D2,Procedure,I-FUNCTION
D2,Call,I-FUNCTION
D2,services,B-APP
,,
D2,RPC,B-FUNCTION
D2,which,O
D2,allows,O
D2,remote,B-FUNCTION
D2,commands,I-FUNCTION
D2,to,O
D2,be,O
D2,run,O
D2,on,O
D2,the,O
D2,machine,B-SYSTEM
D2,under,O
D2,certain,O
D2,conditions,O
D2,can,O
D2,be,O
D2,a,O
D2,dangerous,O
D2,service,B-FEATURE
,,
D2,Since,O
D2,RPC,B-APP
D2,services,I-APP
D2,can,O
D2,run,O
D2,on,O
D2,many,O
D2,different,O
D2,ports,B-FEATURE
D2,it,O
D2,is,O
D2,hard,O
D2,to,O
D2,tell,O
D2,from,O
D2,a,O
D2,normal,O
D2,scan,B-TECHNIQUE
D2,which,O
D2,ones,O
D2,might,O
D2,be,O
D2,running,O
D2,RPC,B-FUNCTION
,,
D2,This,O
D2,scan,B-TECHNIQUE
D2,will,O
D2,probe,B-TECHNIQUE
D2,the,O
D2,ports,B-FEATURE
D2,found,O
D2,open,B-FEATURE
D2,on,O
D2,a,O
D2,machine,B-SYSTEM
D2,with,O
D2,commands,B-FUNCTION
D2,to,O
D2,show,O
D2,the,O
D2,program,B-FUNCTION
D2,name,B-FEATURE
D2,and,O
D2,version,B-FEATURE
D2,if,O
D2,RPC,B-FUNCTION
D2,is,O
D2,running,O
,,
D2,It,O
D2,not,O
D2,a,O
D2,bad,O
D2,idea,O
D2,to,O
D2,run,B-FUNCTION
D2,one,O
D2,of,O
D2,these,O
D2,scans,B-TECHNIQUE
D2,every,O
D2,often,O
D2,to,O
D2,find,O
D2,out,O
D2,if,O
D2,and,O
D2,where,O
D2,you,O
D2,have,O
D2,these,O
D2,services,B-FEATURE
D2,running,B-FUNCTION
,,
D2,Scans,B-TECHNIQUE
D2,RPC,B-APP
D2,services,I-APP
D2,using,O
D2,all,O
D2,discovered,O
D2,open,B-FEATURE
D2,TCP/UDP,B-FEATURE
D2,ports,I-FEATURE
D2,on,O
D2,the,O
D2,target,B-SYSTEM
D2,to,O
D2,send,O
D2,RPC,B-FUNCTION
D2,,I-FUNCTION
D2,commands,I-FUNCTION
,,
D2,Tries,O
D2,to,O
D2,determine,O
D2,if,O
D2,an,O
D2,RPC,B-FUNCTION
D2,program,B-FUNCTION
D2,is,O
D2,listening,B-FEATURE
D2,at,O
D2,the,O
D2,port,B-FEATURE
D2,and,O
D2,identifies,O
D2,type,O
D2,of,O
D2,RPC,B-FUNCTION
D2,program,B-FUNCTION
,,
D2,IDLE,B-TECHNIQUE
D2,scan,I-TECHNIQUE
D2,is,O
D2,a,O
D2,super,O
D2,stealthy,B-TECHNIQUE
D2,method,I-TECHNIQUE
D2,whereby,O
D2,the,O
D2,scan,B-TECHNIQUE
D2,packets,B-DATA
D2,are,O
D2,bounced,O
D2,off,O
D2,an,O
D2,external,B-SYSTEM
D2,host,I-SYSTEM
,,
D2,You,O
D2,don�t,O
D2,need,O
D2,to,O
D2,have,O
D2,control,O
D2,over,O
D2,the,O
D2,other,O
D2,host,B-SYSTEM
D2,but,O
D2,it,O
D2,does,O
D2,have,O
D2,to,O
D2,set,O
D2,up,O
D2,and,O
D2,meet,O
D2,certain,O
D2,requirements,B-FEATURE
,,
D2,You,O
D2,must,O
D2,input,O
D2,the,O
D2,IP,B-FEATURE
D2,address,I-FEATURE
D2,of,O
D2,our,O
D2,zombie,B-SYSTEM
D2,host,I-SYSTEM
D2,and,O
D2,what,O
D2,port,B-FEATURE
D2,number,I-FEATURE
D2,to,O
D2,use,O
,,
D2,It,O
D2,is,O
D2,one,O
D2,of,O
D2,the,O
D2,more,O
D2,controversial,O
D2,options,O
D2,in,O
D2,Nmap,B-TOOL
D2,since,O
D2,it,O
D2,really,O
D2,only,O
D2,has,O
D2,a,O
D2,use,O
D2,for,O
D2,malicious,B-ATTACK
D2,attacks,I-ATTACK
,,
D2,Probe,B-TECHNIQUE
D2,the,O
D2,zombie,B-SYSTEM
D2,IP,B-FEATURE
D2,ID,I-FEATURE
D2,and,O
D2,record,O
D2,it,O
D2,Forge,B-VULNERABILITY
D2,an,O
D2,SYN,B-DATA
D2,packet,I-DATA
D2,from,O
D2,the,O
D2,zombie,B-SYSTEM
D2,and,O
D2,send,O
D2,it,O
D2,to,O
D2,the,O
D2,desired,O
D2,port,B-FEATURE
D2,on,O
D2,the,O
D2,target,B-SYSTEM
,,
D2,Depending,O
D2,on,O
D2,the,O
D2,port,B-FEATURE
D2,state,I-FEATURE
D2,the,O
D2,target,B-SYSTEM
D2,reaction,O
D2,may,O
D2,or,O
D2,may,O
D2,not,O
D2,cause,O
D2,the,O
D2,zombie,B-SYSTEM
D2,IP,B-FEATURE
D2,ID,I-FEATURE
D2,to,O
D2,be,O
D2,incremented,O
,,
D2,Probe,B-TECHNIQUE
D2,the,O
D2,zombie,B-SYSTEM
D2,IP,B-FEATURE
D2,ID,I-FEATURE
D2,again,O
D2,The,O
D2,target,B-SYSTEM
D2,port,B-FEATURE
D2,state,I-FEATURE
D2,is,O
D2,then,O
D2,determined,O
D2,by,O
D2,comparing,O
D2,this,O
D2,new,O
D2,IP,B-FEATURE
D2,ID,I-FEATURE
,,
D2,NSE,B-TOOL
D2,stands,O
D2,for,O
D2,Nmap,B-TOOL
D2,Scripting,I-TOOL
D2,Engine,I-TOOL
,,
D2,and,O
D2,it,O
D2,is,O
D2,basically,O
D2,a,O
D2,digital,O
D2,library,O
D2,of,O
D2,Nmap,B-FUNCTION
D2,scripts,I-FUNCTION
D2,that,O
D2,help,O
D2,enhance,O
D2,the,O
D2,default,B-FEATURE
D2,Nmap,B-TOOL
D2,features,B-FEATURE
D2,and,O
D2,report,O
D2,the,O
D2,results,O
D2,in,O
D2,a,O
D2,traditional,O
D2,Nmap,B-TOOL
D2,output,B-FEATURE
,,
D2,You,O
D2,can,O
D2,also,O
D2,write,O
D2,and,O
D2,share,O
D2,your,O
D2,own,O
D2,scripts,B-FUNCTION
D2,so,O
D2,you're,O
D2,not,O
D2,limited,O
D2,to,O
D2,relying,O
D2,on,O
D2,the,O
D2,Nmap,B-TOOL
D2,default,B-FEATURE
D2,NSE,B-FUNCTION
D2,scripts,I-FUNCTION
,,
D2,The,O
D2,only,O
D2,requirement,O
D2,for,O
D2,you,O
D2,to,O
D2,write,O
D2,these,O
D2,scripts,B-FUNCTION
D2,is,O
D2,that,O
D2,they,O
D2,must,O
D2,be,O
D2,coded,O
D2,using,O
D2,the,O
D2,Lua,B-TOOL
D2,programming,I-TOOL
D2,language,I-TOOL
,,
D2,Four,O
D2,different,O
D2,types,O
D2,can,O
D2,help,O
D2,us,O
D2,enhance,O
D2,the,O
D2,default,B-FEATURE
D2,Nmap,B-TOOL
D2,features,O
D2,depending,O
D2,on,O
D2,the,O
D2,target,B-SYSTEM
D2,and,O
D2,the,O
D2,scanning,B-TECHNIQUE
D2,phase,O
D2,in,O
D2,which,O
D2,they,O
D2,are,O
D2,run,B-FUNCTION
,,
D2,Prerule,B-FUNCTION
D2,scripts,I-FUNCTION
D2,are,O
D2,types,O
D2,of,O
D2,scripts,B-FUNCTION
D2,run,O
D2,before,O
D2,the,O
D2,rest,O
D2,of,O
D2,any,O
D2,scanning,B-TECHNIQUE
D2,operation,O
D2,while,O
D2,Nmap,B-TOOL
D2,doesn�t,O
D2,have,O
D2,any,O
D2,data,B-DATA
D2,about,O
D2,the,O
D2,remote,B-SYSTEM
D2,target,I-SYSTEM
,,
D2,Once,O
D2,the,O
D2,Nmap,B-TOOL
D2,default,B-FEATURE
D2,scan,B-TECHNIQUE
D2,has,O
D2,finished,O
D2,the,O
D2,host,B-SYSTEM
D2,exploration,B-TECHNIQUE
D2,detection,B-TECHNIQUE
D2,port,B-TECHNIQUE
D2,scanning,I-TECHNIQUE
D2,or,O
D2,software,B-TECHNIQUE
D2,discovery,I-TECHNIQUE
D2,it,O
D2,will,O
D2,perform,O
D2,the,O
D2,host,B-FUNCTION
D2,scripts,I-FUNCTION
,,
D2,Service,B-FUNCTION
D2,scripts,I-FUNCTION
D2,are,O
D2,a,O
D2,particular,O
D2,set,O
D2,of,O
D2,Nmap,B-FUNCTION
D2,scripts,I-FUNCTION
D2,that,O
D2,are,O
D2,run,B-FUNCTION
D2,against,O
D2,services,B-FEATURE
D2,on,O
D2,the,O
D2,remote,B-SYSTEM
D2,host,I-SYSTEM
,,
D2,These,O
D2,include,O
D2,HTTP,B-FUNCTION
D2,service,I-FUNCTION
D2,scripts,I-FUNCTION
D2,for,O
D2,example,O
D2,which,O
D2,can,O
D2,be,O
D2,run,B-FUNCTION
D2,against,O
D2,web,B-SYSTEM
D2,servers,I-SYSTEM
,,
D2,Postrule,B-FUNCTION
D2,scripts,I-FUNCTION
D2,are,O
D2,run,B-FUNCTION
D2,after,O
D2,the,O
D2,entire,O
D2,Nmap,B-TECHNIQUE
D2,scan,I-TECHNIQUE
D2,has,O
D2,finished,O
D2,and,O
D2,are,O
D2,often,O
D2,useful,O
D2,for,O
D2,parsing,B-FUNCTION
D2,formatting,B-FUNCTION
D2,and,O
D2,presenting,O
D2,the,O
D2,different,O
D2,results,O
,,
D2,When,O
D2,dealing,O
D2,with,O
D2,over,O
D2,600,O
D2,default,B-FEATURE
D2,Nmap,B-FUNCTION
D2,scripts,I-FUNCTION
D2,it,O
D2,is,O
D2,not,O
D2,easy,O
D2,to,O
D2,find,O
D2,the,O
D2,most,O
D2,popular,O
D2,ones,O
D2,by,O
D2,inspecting,O
D2,them,O
D2,one,O
D2,by,O
D2,one,O
,,
D2,auth,B-FUNCTION
D2,script,I-FUNCTION
D2,-,O
D2,All,O
D2,sorts,O
D2,of,O
D2,authentication,B-TECHNIQUE
D2,and,O
D2,user,B-FEATURE
D2,privilege,I-FEATURE
D2,scripts,B-FUNCTION
,,
D2,broadcast,B-FUNCTION
D2,script,I-FUNCTION
D2,-,O
D2,Network,B-TECHNIQUE
D2,discovery,I-TECHNIQUE
D2,scripts,B-FUNCTION
D2,that,O
D2,use,O
D2,broadcast,B-FEATURE
D2,petitions,O
D2,for,O
D2,intel,B-SYSTEM
D2,gathering,O
,,
D2,brute,B-FUNCTION
D2,script,I-FUNCTION
D2,-,O
D2,Set,O
D2,of,O
D2,scripts,B-FUNCTION
D2,for,O
D2,performing,O
D2,brute,B-ATTACK
D2,force,I-ATTACK
D2,attacks,I-ATTACK
D2,to,O
D2,guess,O
D2,access,B-FEATURE
D2,credentials,I-FEATURE
,,
D2,default,B-FUNCTION
D2,script,I-FUNCTION
D2,-,O
D2,The,O
D2,most,O
D2,popular,O
D2,Nmap,B-FUNCTION
D2,scripts,I-FUNCTION
D2,using,O
D2,sC,O
D2,by,O
D2,default,B-FEATURE
,,
D2,discovery,B-FUNCTION
D2,script,I-FUNCTION
D2,-,O
D2,Scripts,B-FUNCTION
D2,related,O
D2,to,O
D2,network,B-TECHNIQUE
D2,discovery,I-TECHNIQUE
D2,service,B-TECHNIQUE
D2,discovery,I-TECHNIQUE
D2,and,O
D2,host,B-TECHNIQUE
D2,discovery,I-TECHNIQUE
,,
D2,dos,B-FUNCTION
D2,script,I-FUNCTION
D2,-,O
D2,Denial,B-ATTACK
D2,of,I-ATTACK
D2,service,I-ATTACK
D2,attack,I-ATTACK
D2,scripts,B-FUNCTION
D2,used,O
D2,to,O
D2,test,B-FUNCTION
D2,and,O
D2,perform,B-FUNCTION
D2,DOS,B-ATTACK
D2,and,O
D2,floods,B-ATTACK
,,
D2,exploit,B-FUNCTION
D2,script,I-FUNCTION
D2,-,O
D2,Used,O
D2,to,O
D2,perform,O
D2,service,B-TECHNIQUE
D2,exploitation,I-TECHNIQUE
D2,on,O
D2,different,O
D2,CVEs,B-VULNERABILITY
,,
D2,external,B-FUNCTION
D2,script,I-FUNCTION
D2,-,O
D2,Scripts,B-FUNCTION
D2,that,O
D2,rely,O
D2,on,O
D2,3rd,B-APP
D2,party,I-APP
D2,services,I-APP
D2,or,O
D2,data,B-DATA
,,
D2,fuzzer,B-FUNCTION
D2,script,I-FUNCTION
D2,-,O
D2,Used,O
D2,to,O
D2,perform,B-FUNCTION
D2,fuzzing,B-ATTACK
D2,attacks,I-ATTACK
D2,against,O
D2,apps,B-APP
D2,services,B-APP
D2,or,O
D2,networks,B-SYSTEM
,,
D2,intrusive,B-FUNCTION
D2,script,I-FUNCTION
D2,-,O
D2,All,O
D2,the,O
D2,aggressive�,B-FEATURE
D2,scripts,B-FUNCTION
D2,that,O
D2,cause,O
D2,a,O
D2,lot,O
D2,of,O
D2,network,B-FEATURE
D2,noise,I-FEATURE
,,
D2,malware,B-FUNCTION
D2,script,I-FUNCTION
D2,-,O
D2,Malware,B-TECHNIQUE
D2,detections,I-TECHNIQUE
D2,and,O
D2,exploration,B-TECHNIQUE
D2,scripts,B-FUNCTION
,,
D2,safe,B-FUNCTION
D2,script,I-FUNCTION
D2,-,O
D2,Safe,B-FEATURE
D2,and,O
D2,non-intrusive,B-FEATURE
D2,or,O
D2,noisy,B-FEATURE
D2,scripts,B-FUNCTION
,,
D2,version,B-FUNCTION
D2,script,I-FUNCTION
D2,OS,B-SYSTEM
D2,service,B-APP
D2,and,O
D2,software,B-TECHNIQUE
D2,detection,I-TECHNIQUE
D2,scripts,B-FUNCTION
,,
D2,vuln,B-FUNCTION
D2,script,I-FUNCTION
D2,-,O
D2,The,O
D2,Nmap,B-TOOL
D2,vuln,B-VULNERABILITY
D2,category,O
D2,includes,O
D2,vulnerability,B-TECHNIQUE
D2,detection,I-TECHNIQUE
D2,and,O
D2,exploitation,B-TECHNIQUE
D2,scripts,B-FUNCTION
,,
D2,The,O
D2,following,O
D2,is,O
D2,the,O
D2,output,B-FEATURE
D2,of,O
D2,scanning,B-TECHNIQUE
D2,the,O
D2,Metasploitable,B-SYSTEM
D2,2,I-SYSTEM
D2,host,I-SYSTEM
,,
D2,Nmap,B-TOOL
D2,also,O
D2,allows,O
D2,you,O
D2,to,O
D2,run,B-FUNCTION
D2,scripts,B-FUNCTION
D2,using,O
D2,wildcards,B-FUNCTION
D2,meaning,O
D2,you,O
D2,can,O
D2,target,O
D2,multiple,O
D2,scripts,B-FUNCTION
D2,that,O
D2,finish,O
D2,or,O
D2,end,O
D2,up,O
D2,with,O
D2,any,O
D2,pattern,O
,,
D2,For,O
D2,example,O
D2,if,O
D2,you,O
D2,want,O
D2,to,O
D2,run,B-FUNCTION
D2,all,O
D2,the,O
D2,scripts,B-FUNCTION
D2,that,O
D2,begin,O
D2,with,O
D2,FTP�,B-FEATURE
D2,you,O
D2,could,O
D2,use,O
D2,this,O
D2,syntax,B-FEATURE
,,
D2,This,O
D2,is,O
D2,the,O
D2,perfect,O
D2,solution,O
D2,when,O
D2,you,O
D2,already,O
D2,know,O
D2,which,O
D2,script,B-FUNCTION
D2,is,O
D2,going,O
D2,to,O
D2,be,O
D2,used,O
,,
D2,if,O
D2,we,O
D2,want,O
D2,to,O
D2,run,O
D2,the,O
D2,HTTP-brute,B-FUNCTION
D2,script,I-FUNCTION
D2,to,O
D2,perform,O
D2,brute,B-FUNCTION
D2,force,I-FUNCTION
D2,password,B-FEATURE
D2,auditing,B-TECHNIQUE
D2,against,O
D2,HTTP,B-FEATURE
D2,basic,I-FEATURE
D2,digest,B-FUNCTION
D2,and,O
D2,ntlm,B-TECHNIQUE
D2,authentication,I-TECHNIQUE
,,
D2,NSE,B-TOOL
D2,has,O
D2,the,O
D2,ability,O
D2,to,O
D2,let,O
D2,you,O
D2,write,O
D2,your,O
D2,own,O
D2,scripts,B-FUNCTION
D2,and,O
D2,run,B-FUNCTION
D2,those,O
D2,scripts,B-FUNCTION
D2,locally,B-FEATURE
D2,in,O
D2,your,O
D2,operating,B-SYSTEM
D2,system,I-SYSTEM
,,
D3,Firewall,B-FEATURE
D3,Intrusion,B-TOOL
D3,Prevention,I-TOOL
D3,Systems,I-TOOL
D3,IPS,I-TOOL
D3,and,O
D3,Intrusion,B-TOOL
D3,Detection,I-TOOL
D3,Systems,I-TOOL
D3,IDS,I-TOOL
D3,are,O
D3,only,O
D3,as,O
D3,robust,O
D3,as,O
D3,you,O
D3,configure,B-FUNCTION
D3,them,O
D3,for,O
D3,your,O
D3,perimeter,B-TECHNIQUE
D3,security,I-TECHNIQUE
D3,needs,O
,,
D3,Where,O
D3,they,O
D3,reside,O
D3,on,O
D3,your,O
D3,network,B-SYSTEM
D3,how,O
D3,they,O
D3,interact,O
D3,and,O
D3,improving,O
D3,Penetration,B-TECHNIQUE
D3,Pen,I-TECHNIQUE
D3,Testing,I-TECHNIQUE
D3,services,I-TECHNIQUE
D3,is,O
D3,key,O
D3,to,O
D3,having,O
D3,a,O
D3,strong,O
D3,defensive,B-TECHNIQUE
D3,perimeter,I-TECHNIQUE
D3,for,O
D3,your,O
D3,organization,B-SYSTEM
,,
D3,IDS,B-TECHNIQUE
D3,network,I-TECHNIQUE
D3,security,I-TECHNIQUE
D3,and,O
D3,IPS,B-TECHNIQUE
D3,security,I-TECHNIQUE
D3,along,O
D3,with,O
D3,Firewall,B-TOOL
D3,leveraging,O
D3,can,O
D3,help,O
D3,provide,O
D3,this,O
,,
D3,Cyberinfrastructures,B-SYSTEM
D3,using,O
D3,prevention,B-TECHNIQUE
D3,platforms,B-SYSTEM
D3,require,O
D3,both,O
D3,regularly,O
D3,scheduled,O
D3,performance,B-TECHNIQUE
D3,assessments,I-TECHNIQUE
D3,and,O
D3,changing,O
D3,topology,B-FEATURE
D3,etc,O
,,
D3,Most,O
D3,industry-standard,O
D3,institutes,O
D3,recommend,O
D3,even,O
D3,more,O
D3,frequent,O
D3,assessments,B-TECHNIQUE
,,
D3,It,O
D3,is,O
D3,advised,O
D3,to,O
D3,change,O
D3,your,O
D3,current,O
D3,devices,B-SYSTEM
D3,around,O
D3,at,O
D3,a,O
D3,certain,O
D3,frequent,O
D3,level,O
,,
D3,If,O
D3,they,O
D3,are,O
D3,always,O
D3,static,B-FEATURE
D3,on-going,O
D3,cybercriminals,B-ATTACKER
D3,learn,O
D3,how,O
D3,they,O
D3,always,O
D3,sit,O
D3,on,O
D3,your,O
D3,perimeter,O
D3,and,O
D3,eventually,O
D3,hack,B-ATTACK
D3,them,O
D3,after,O
D3,long,O
D3,periods,O
D3,in,O
D3,scanning,B-TECHNIQUE
D3,for,O
D3,weaknesses,B-VULNERABILITY
,,
D3,When,O
D3,performing,O
D3,pentest,B-TECHNIQUE
D3,against,O
D3,your,O
D3,own,O
D3,networks,B-SYSTEM
D3,basically,O
D3,you,O
D3,are,O
D3,evading,B-TECHNIQUE
D3,your,O
D3,own,O
D3,security,B-SYSTEM
D3,systems,I-SYSTEM
,,
D3,We,O
D3,usually,O
D3,refer,O
D3,to,O
D3,these,O
D3,self-targeted,B-TECHNIQUE
D3,evading,I-TECHNIQUE
D3,activities,I-TECHNIQUE
D3,as,I-TECHNIQUE
D3,ethical,O
D3,hacking,B-TECHNIQUE
D3,and,I-TECHNIQUE
D3,perform,O
D3,the,O
D3,pentesting,O
D3,as,B-TECHNIQUE
D3,�'white-,O
D3,hats',B-SECURITYTEAM
,,
D3,Pentesting,B-TECHNIQUE
D3,helps,O
D3,understand,O
D3,the,O
D3,danger,O
D3,of,O
D3,real,O
D3,attackers,B-ATTACKER
,,
D3,If,O
D3,you,O
D3,can,O
D3,sneak,O
D3,around,O
D3,a,O
D3,blocked,B-FEATURE
D3,portmapper,B-TOOL
D3,port,B-FEATURE
D3,using,O
D3,Nmap,B-TOOL
D3,direct,O
D3,RPC,B-TECHNIQUE
D3,scanning,I-TECHNIQUE
D3,then,O
D3,so,O
D3,can,O
D3,the,O
D3,bad,B-ATTACKER
D3,guys,I-ATTACKER
,,
D3,It,O
D3,is,O
D3,easy,O
D3,to,O
D3,make,O
D3,a,O
D3,mistake,O
D3,in,O
D3,configuring,B-FUNCTION
D3,complex,O
D3,firewalls,B-TOOL
D3,and,O
D3,other,O
D3,devices,B-SYSTEM
,,
D3,Many,O
D3,of,O
D3,them,O
D3,even,O
D3,come,O
D3,with,O
D3,glaring,O
D3,security,B-VULNERABILITY
D3,holes,I-VULNERABILITY
D3,that,O
D3,conscientious,O
D3,users,B-USER
D3,must,O
D3,find,O
D3,and,O
D3,close,O
,,
D3,Regular,O
D3,network,B-TECHNIQUE
D3,scanning,I-TECHNIQUE
D3,can,O
D3,help,O
D3,find,O
D3,dangerous,O
D3,implicit,O
D3,rules,B-FUNCTION
D3,before,O
D3,attackers,B-ATTACKER
D3,do,O
,,
D3,There,O
D3,are,O
D3,good,O
D3,reasons,O
D3,for,O
D3,evading,B-TECHNIQUE
D3,IDS,B-TOOL
D3,as,O
D3,well,O
D3,Product,B-TECHNIQUE
D3,evaluation,I-TECHNIQUE
D3,is,O
D3,one,O
D3,of,O
D3,the,O
D3,most,O
D3,common,O
,,
D3,If,O
D3,attackers,B-ATTACKER
D3,can,O
D3,slide,O
D3,under,O
D3,the,O
D3,radar,O
D3,by,O
D3,simply,O
D3,adding,O
D3,an,O
D3,Nmap,B-TOOL
D3,flag,B-FEATURE
D3,or,O
D3,two,O
D3,the,O
D3,system,B-SYSTEM
D3,does,O
D3,not,O
D3,offer,O
D3,much,O
D3,protection,B-FEATURE
,,
D3,Pentesting,B-TOOL
D3,tools,I-TOOL
D3,such,O
D3,as,O
D3,Nmap,B-TOOL
D3,and,O
D3,Metasploit,B-TOOL
D3,offer,O
D3,many,O
D3,features,O
D3,for,O
D3,evading,B-TECHNIQUE
D3,firewall,B-FUNCTION
D3,rules,I-FUNCTION
D3,or,O
D3,sneaking,B-TECHNIQUE
D3,past,I-TECHNIQUE
D3,IDSs,B-TOOL
,,
D3,These,O
D3,capabilities,O
D3,allow,O
D3,bad,B-ATTACKER
D3,guys�,I-ATTACKER
D3,to,O
D3,misuse,O
D3,it,O
D3,for,O
D3,evil�,O
D3,purposes,O
,,
D3,However,O
D3,from,O
D3,the,O
D3,administrator,B-SECURITYTEAM
D3,perspectives,O
D3,mimicking,O
D3,attackers,B-ATTACKER
D3,behaviors,O
D3,and,O
D3,actions,O
D3,maybe,O
D3,the,O
D3,best,O
D3,that,O
D3,they,O
D3,can,O
D3,do,O
D3,to,O
D3,identify,O
D3,security,B-VULNERABILITY
D3,holes,I-VULNERABILITY
D3,before,O
D3,attackers,B-ATTACKER
D3,do,O
,,
D3,This,O
D3,lab,O
D3,is,O
D3,by-no-mean,O
D3,the,O
D3,utterly,O
D3,and,O
D3,eagerly,O
D3,promoting,O
D3,Nmap,B-TOOL
D3,and,O
D3,Metasploit,B-TOOL
,,
D3,It,O
D3,simply,O
D3,introduces,O
D3,the,O
D3,beginning,O
D3,level,O
D3,of,O
D3,cyber,B-SECURITYTEAM
D3,defenders,I-SECURITYTEAM
,,
D3,to,O
D3,start,O
D3,their,O
D3,network,B-TECHNIQUE
D3,security,I-TECHNIQUE
D3,endeavors,O
D3,in,O
D3,the,O
D3,area,O
D3,of,O
D3,penetration,B-TECHNIQUE
D3,testing,I-TECHNIQUE
,,
D3,since,O
D3,we,O
D3,know,O
D3,pentesting,B-TECHNIQUE
D3,represents,O
D3,the,O
D3,art,O
D3,of,O
D3,cybersecurity,B-TECHNIQUE
,,
D3,deep,O
D3,understanding,O
D3,of,O
D3,the,O
D3,given,O
D3,security,B-SYSTEM
D3,system,I-SYSTEM
,,
D3,The,O
D3,goal,O
D3,of,O
D3,this,O
D3,pentest,B-TECHNIQUE
D3,is,O
D3,to,O
D3,assess,B-TECHNIQUE
D3,the,O
D3,firewall,B-FUNCTION
D3,rule,I-FUNCTION
D3,setup,B-SYSTEM
D3,and,O
D3,IDS,B-TOOL
D3,system,I-TOOL
,,
D3,In,O
D3,this,O
D3,pentest,B-TECHNIQUE
D3,we,O
D3,apply,O
D3,the,O
D3,white-box,B-TECHNIQUE
D3,testing,I-TECHNIQUE
D3,strategy,I-TECHNIQUE
D3,in,O
D3,which,O
D3,a,O
D3,white-box,B-SECURITYTEAM
D3,tester,I-SECURITYTEAM
D3,has,O
D3,the,O
D3,access,O
D3,and,O
D3,knowledge,O
D3,levels,O
D3,of,O
D3,the,O
D3,system,B-SECURITYTEAM
D3,admin,I-SECURITYTEAM
D3,including,O
D3,the,O
D3,knowledge,O
D3,of,O
D3,iptables,B-FEATURE
D3,firewall,B-FUNCTION
D3,rules,I-FUNCTION
D3,and,O
D3,snort,B-FUNCTION
D3,rules,I-FUNCTION
D3,setup,B-SYSTEM
,,
D3,The,O
D3,goal,O
D3,of,O
D3,the,O
D3,pentest,B-TECHNIQUE
D3,is,O
D3,to,O
D3,explore,O
D3,the,O
D3,configuration,B-FEATURE
D3,issues,O
D3,of,O
D3,iptables,B-FEATURE
D3,and,O
D3,snort,B-TOOL
D3,ie,O
D3,identify,O
D3,the,O
D3,system,B-SYSTEM
D3,weakness,B-VULNERABILITY
D3,due,O
D3,to,O
D3,configuration,B-VULNERABILITY
D3,flaws,I-VULNERABILITY
,,
D3,This,O
D3,means,O
D3,that,O
D3,the,O
D3,pen,B-SECURITYTEAM
D3,tester,I-SECURITYTEAM
D3,knows,O
D3,the,O
D3,iptables,B-APP
D3,and,O
D3,snort,B-TOOL
D3,configurations,B-FEATURE
D3,and,O
D3,networking,B-SYSTEM
D3,system,I-SYSTEM
D3,setup,I-SYSTEM
,,
D3,During,O
D3,the,O
D3,pen,B-TECHNIQUE
D3,test,I-TECHNIQUE
D3,the,O
D3,pen,B-SECURITYTEAM
D3,tester,I-SECURITYTEAM
D3,can,O
D3,monitor,B-TECHNIQUE
D3,the,O
D3,actions,O
D3,or,O
D3,output,B-FEATURE
D3,of,O
D3,iptables,B-FEATURE
D3,and,O
D3,snort,B-TOOL
,,
D3,The,O
D3,pen,B-SECURITYTEAM
D3,tester,I-SECURITYTEAM
D3,tries,O
D3,to,O
D3,explore,B-TECHNIQUE
D3,vulnerabilities,B-VULNERABILITY
D3,focusing,O
D3,on,O
D3,two,O
D3,areas,O
,,
D3,System,B-FEATURE
D3,configurations,I-FEATURE
D3,-,O
D3,firewall,B-TOOL
D3,setup,B-SYSTEM
D3,such,O
D3,as,O
D3,open,B-FEATURE
D3,close,B-FEATURE
D3,filter,B-FEATURE
D3,unfilter,B-FEATURE
D3,ports,B-FEATURE
D3,reachable,O
D3,services,B-APP
D3,or,O
D3,nodes,B-SYSTEM
D3,firewall,B-TOOL
D3,performance,B-TECHNIQUE
D3,measurements,I-TECHNIQUE
D3,etc,O
,,
D3,IDS,B-TOOL
D3,setup,B-SYSTEM
D3,such,O
D3,as,O
D3,detection,B-FEATURE
D3,threshold,I-FEATURE
D3,setup,I-FEATURE
D3,success,O
D3,and,O
D3,missed,O
D3,attack,B-ATTACK
D3,scenarios,I-ATTACK
D3,etc,O
,,
D3,Vulnerabilities,B-VULNERABILITY
D3,There,O
D3,is,O
D3,one,O
D3,Metasploitable-2,B-SYSTEM
D3,VM,B-SYSTEM
D3,running,B-FUNCTION
D3,behind,O
D3,the,O
D3,firewall,B-TOOL
,,
D3,The,O
D3,pen,B-SECURITYTEAM
D3,tester,I-SECURITYTEAM
D3,is,O
D3,required,O
D3,to,O
D3,assess,B-TECHNIQUE
D3,the,O
D3,security,B-TECHNIQUE
D3,performance,I-TECHNIQUE
D3,of,O
D3,the,O
D3,firewall,B-TOOL
D3,and,O
D3,IDS,B-TOOL
D3,on,O
D3,successfully,O
D3,stop,O
D3,and/or,O
D3,detect,B-TECHNIQUE
D3,deployed,B-FUNCTION
D3,attacks,B-ATTACK
,,
D3,Location:,O
D3,The,O
D3,pen,B-SECURITYTEAM
D3,tester,I-SECURITYTEAM
D3,explores,O
D3,the,O
D3,configuration,B-VULNERABILITY
D3,vulnerabilities,I-VULNERABILITY
D3,from,O
D3,outside,O
D3,ie,O
D3,on,O
D3,the,O
D3,client,B-SYSTEM
D3,network,I-SYSTEM
,,
D3,Assessment,B-TECHNIQUE
D3,The,O
D3,pen,B-SECURITYTEAM
D3,tester,I-SECURITYTEAM
D3,needs,O
D3,to,O
D3,develop,O
D3,a,O
D3,pentest,B-TECHNIQUE
D3,report,O
D3,based,O
D3,on,O
D3,the,O
D3,provided,O
D3,template,B-FEATURE
D3,and,O
D3,provide,O
D3,suggested,O
D3,changes,O
D3,or,O
D3,remediation,O
D3,of,O
D3,firewall,B-TOOL
D3,and,O
D3,IDS,B-TOOL
D3,rules,B-FUNCTION
D3,to,O
D3,maximally,O
D3,improve,O
D3,the,O
D3,system,B-TECHNIQUE
D3,security,I-TECHNIQUE
,,
D3,Note,O
D3,that,O
D3,the,O
D3,Metasploitable,B-SYSTEM
D3,2,I-SYSTEM
D3,is,O
D3,used,O
D3,for,O
D3,assessing,B-TECHNIQUE
D3,the,O
D3,firewall,B-TOOL
D3,and,O
D3,IDS,B-TOOL
,,
D3,Note,O
D3,that,O
D3,your,O
D3,pentest,B-TECHNIQUE
D3,focus,O
D3,is,O
D3,to,O
D3,inspect,B-TECHNIQUE
D3,and,O
D3,assess,B-TECHNIQUE
D3,the,O
D3,security,B-TECHNIQUE
D3,strength,O
D3,of,O
D3,the,O
D3,firewall,B-TOOL
D3,and,O
D3,IDS,B-TOOL
,,
D3,Please,O
D3,do,O
D3,not,O
D3,try,O
D3,to,O
D3,resolve,B-TECHNIQUE
D3,any,O
D3,vulnerable,B-VULNERABILITY
D3,issues,I-VULNERABILITY
D3,running,O
D3,on,O
D3,Metasploitable,B-SYSTEM
D3,2,I-SYSTEM
D3,which,O
D3,is,O
D3,purposely,O
D3,designed,O
D3,for,O
D3,pentesting,B-TECHNIQUE
,,
D3,Tools:,O
D3,The,O
D3,pen,B-SECURITYTEAM
D3,tester,I-SECURITYTEAM
D3,can,O
D3,use,O
D3,various,O
D3,tools,O
D3,provided,O
D3,in,O
D3,the,O
D3,given,O
D3,client,B-SYSTEM
D3,VM,I-SYSTEM
D3,such,O
D3,as,O
D3,Nmap,B-TOOL
D3,hping3,B-TOOL
D3,MSF,B-TOOL
D3,Metasploit,I-TOOL
D3,framework,I-TOOL
D3,tcpdump,B-TOOL
D3,etc,O
,,
D3,It,O
D3,should,O
D3,be,O
D3,sufficient,O
D3,to,O
D3,use,O
D3,these,O
D3,tools,B-TOOL
D3,for,O
D3,this,O
D3,lab,O
,,
D3,However,O
D3,you,O
D3,can,O
D3,use,O
D3,or,O
D3,develop,O
D3,your,O
D3,own,O
D3,tools,B-TOOL
D3,and,O
D3,testing,B-FUNCTION
D3,scripts,B-FUNCTION
D3,to,O
D3,perform,B-FUNCTION
D3,the,O
D3,security,B-TECHNIQUE
D3,testing,I-TECHNIQUE
,,
D3,You,O
D3,should,O
D3,perform,O
D3,your,O
D3,pentesting,B-TECHNIQUE
D3,tasks,O
D3,on,O
D3,the,O
D3,client,B-SYSTEM
D3,machine,I-SYSTEM
,,
D3,You,O
D3,can,O
D3,run,O
D3,various,O
D3,tools,B-TOOL
D3,such,O
D3,as,O
D3,ping,B-TOOL
D3,traceroute,B-TOOL
D3,nmap,B-TOOL
D3,hpings,B-TOOL
D3,msfconsole,B-TOOL
D3,etc,O
D3,on,O
D3,the,O
D3,client,B-SYSTEM
D3,node,I-SYSTEM
,,
D3,Gateway,B-SYSTEM
D3,Node,I-SYSTEM
D3,Ubuntu,B-SYSTEM
D3,1804,I-SYSTEM
D3,You,O
D3,need,O
D3,to,O
D3,run,B-FUNCTION
D3,iptables,B-APP
D3,firewall,B-TOOL
D3,and,O
D3,snort,B-TOOL
D3,to,O
D3,protect,B-FEATURE
D3,the,O
D3,server,B-SYSTEM
D3,node,I-SYSTEM
D3,based,O
D3,on,O
D3,provided,O
D3,iptables,B-APP
D3,and,O
D3,snort,B-TOOL
D3,configuration,B-DATA
D3,files,I-DATA
,,
D3,You,O
D3,can,O
D3,download,O
D3,the,O
D3,iptables,B-APP
D3,configuration,B-DATA
D3,files,I-DATA
D3,and,O
D3,snort,B-FUNCTION
D3,rule,I-FUNCTION
D3,files,B-DATA
D3,using,O
D3,the,O
D3,following,O
D3,commands,B-FUNCTION
,,
D3,They,O
D3,are,O
D3,shell,B-FUNCTION
D3,scripts,I-FUNCTION
,,
D3,To,O
D3,make,O
D3,them,O
D3,executable,O
D3,you,O
D3,can,O
D3,change,O
D3,their,O
D3,permission,B-FEATURE
,,
D3,you,O
D3,need,O
D3,to,O
D3,change,O
D3,the,O
D3,parameter,B-FEATURE
D3,setup,I-FEATURE
D3,at,O
D3,the,O
D3,beginning,O
D3,of,O
D3,the,O
D3,pentest,B-TECHNIQUE
D3,and,O
D3,reset,B-FEATURE
D3,based,O
D3,on,O
D3,your,O
D3,lab,O
D3,running,O
D3,environment,O
D3,ie,O
D3,three,O
D3,interfaces,B-APP
D3,and,O
D3,IP,B-FEATURE
D3,addresses,I-FEATURE
,,
D3,make,O
D3,sure,O
D3,you,O
D3,have,O
D3,set,O
D3,up,O
D3,your,O
D3,default,B-FEATURE
D3,GW,O
D3,properly,O
D3,on,O
D3,each,O
D3,VM,B-SYSTEM
,,
D3,Server,B-SYSTEM
D3,Node,I-SYSTEM
D3,Metastploitable,B-SYSTEM
D3,2,I-SYSTEM
,,
D3,details,O
D3,on,O
D3,Metasploitable,B-SYSTEM
D3,2,I-SYSTEM
D3,especially,O
D3,the,O
D3,vulnerable,B-VULNERABILITY
D3,services,B-APP
D3,running,O
D3,on,O
D3,it,O
,,
D3,You,O
D3,do,O
D3,not,O
D3,need,O
D3,to,O
D3,make,O
D3,any,O
D3,changes,O
D3,or,O
D3,adjustments,O
D3,on,O
D3,the,O
D3,provided,O
D3,Metasploitable,B-SYSTEM
D3,2,I-SYSTEM
D3,virtual,B-SYSTEM
D3,machine,I-SYSTEM
D3,in,O
D3,this,O
D3,lab,O
,,
D3,In,O
D3,this,O
D3,lab,O
D3,iptables,B-FEATURE
D3,snort,B-TOOL
D3,Nmap,B-TOOL
D3,and,O
D3,Metasploit,B-TOOL
D3,are,O
D3,four,O
D3,major,O
D3,security,B-APP
D3,services,I-APP
D3,and,O
D3,tools,B-TOOL
D3,that,O
D3,you,O
D3,will,O
D3,use,O
,,
D3,Iptables,B-FEATURE
D3,firewall,B-TOOL
D3,Snort,B-TOOL
D3,IDS,I-TOOL
,,
D3,demonstrate,O
D3,how,O
D3,to,O
D3,successfully,O
D3,deploy,B-FUNCTION
D3,attacks,B-ATTACK
D3,through,O
D3,the,O
D3,firewall,B-TOOL
,,
D3,you,O
D3,need,O
D3,to,O
D3,successfully,O
D3,exploit,B-FUNCTION
D3,at,O
D3,least,O
D3,two,O
D3,vulnerabilities,B-VULNERABILITY
D3,to,O
D3,compromise,O
D3,the,O
D3,targeted,B-APP
D3,service,I-APP
D3,or,O
D3,application,B-APP
,,
D3,stop,O
D3,the,O
D3,service,B-APP
D3,gain,O
D3,access,B-FEATURE
D3,to,O
D3,the,O
D3,command,B-TOOL
D3,shell,I-TOOL
D3,modify,O
D3,data,B-DATA
D3,or,O
D3,service,B-APP
D3,parameters,B-FEATURE
D3,steal,B-TECHNIQUE
D3,critical,B-FEATURE
D3,data,B-DATA
D3,modify,O
D3,system,B-FEATURE
D3,configuration,I-FEATURE
D3,or,O
D3,setup,B-SYSTEM
,,
D3,How,O
D3,to,O
D3,identify,B-TECHNIQUE
D3,the,O
D3,vulnerability,B-VULNERABILITY
,,
D3,The,O
D3,steps,O
D3,of,O
D3,using,O
D3,Metasploit,B-TOOL
D3,to,O
D3,explore,B-TECHNIQUE
D3,the,O
D3,vulnerability,B-VULNERABILITY
,,
D3,Suggest,O
D3,the,O
D3,countermeasure,B-TECHNIQUE
D3,or,O
D3,mitigation,B-TECHNIQUE
D3,solutions,I-TECHNIQUE
D3,based,O
D3,on,O
D3,given,O
D3,firewall,B-FUNCTION
D3,rules,I-FUNCTION
,,
D3,Detecting,B-TECHNIQUE
D3,and,O
D3,Subverting,B-TECHNIQUE
D3,Firewalls,B-TOOL
D3,and,O
D3,Intrusion,B-TOOL
D3,Detection,I-TOOL
D3,Systems,I-TOOL
,,
D3,firewall,B-TOOL
D3,setup,B-SYSTEM
D3,that,O
D3,you,O
D3,want,O
D3,to,O
D3,perform,B-FUNCTION
D3,the,O
D3,pentest,B-TECHNIQUE
,,
D3,To,O
D3,have,O
D3,better,O
D3,understanding,O
D3,of,O
D3,various,O
D3,scans,B-TECHNIQUE
D3,you,O
D3,can,O
D3,use,O
D3,firewall,B-TOOL
D3,reset,B-FUNCTION
D3,to,O
D3,clear,O
D3,the,O
D3,firewall,B-FUNCTION
D3,rules,I-FUNCTION
D3,and,O
D3,set,O
D3,it,O
D3,to,O
D3,blacklist,B-FEATURE
,,
D3,change,O
D3,your,O
D3,scanning,B-TECHNIQUE
D3,target,B-SYSTEM
D3,directly,O
D3,to,O
D3,the,O
D3,Metasploitable-2,B-SYSTEM
D3,VM,B-SYSTEM
,,
D3,compare,O
D3,scanning,B-TECHNIQUE
D3,responses,B-FEATURE
D3,with,O
D3,the,O
D3,firewall,B-FUNCTION
D3,rules,I-FUNCTION
,,
D3,you,O
D3,can,O
D3,observe,O
D3,results,O
D3,w/o,O
D3,firewall,B-FUNCTION
D3,rules,I-FUNCTION
D3,to,O
D3,interpret,O
D3,the,O
D3,scanning,B-TECHNIQUE
D3,outcomes,O
,,
D3,Nmap,B-TOOL
D3,and,O
D3,Metasploit,B-TOOL
D3,Framework,I-TOOL
D3,are,O
D3,installed,O
D3,on,O
D3,both,O
D3,the,O
D3,Client,B-SYSTEM
D3,and,O
D3,Gateway,B-SYSTEM
D3,VMs,I-SYSTEM
,,
D3,Thus,O
D3,you,O
D3,can,O
D3,also,O
D3,compare,O
D3,the,O
D3,scanning,B-TECHNIQUE
D3,results,O
D3,on,O
D3,the,O
D3,Client,B-SYSTEM
D3,vs,O
D3,on,O
D3,the,O
D3,Gateway,B-SYSTEM
D3,which,O
D3,can,O
D3,help,O
D3,you,O
D3,determine,O
D3,if,O
D3,the,O
D3,firewall,B-TOOL
D3,successfully,O
D3,defend,B-TECHNIQUE
D3,a,O
D3,scan,B-TECHNIQUE
D3,or,O
D3,attack,B-ATTACK
,,
D3,Using,O
D3,tcpdump,B-TOOL
D3,to,O
D3,monitor,B-TECHNIQUE
D3,the,O
D3,traffic,B-DATA
D3,from,O
D3,both,O
D3,ingress,B-FEATURE
D3,and,O
D3,egress,B-FEATURE
D3,ports,B-FEATURE
D3,of,O
D3,the,O
D3,gateway,B-SYSTEM
D3,is,O
D3,always,O
D3,the,O
D3,best,O
D3,approach,O
D3,to,O
D3,help,O
D3,you,O
D3,understand,O
D3,the,O
D3,actions,O
D3,performed,O
D3,on,O
D3,the,O
D3,Gateway,B-SYSTEM
,,
D3,you,O
D3,are,O
D3,not,O
D3,restricted,O
D3,by,O
D3,the,O
D3,enumerated,O
D3,scanning,B-TECHNIQUE
D3,approaches,O
D3,and,O
D3,provided,O
D3,hints,O
,,
D3,pentest,B-TECHNIQUE
D3,is,O
D3,the,O
D3,art,O
D3,of,O
D3,cyberdefense,B-TECHNIQUE
D3,and,O
D3,you,O
D3,need,O
D3,to,O
D3,be,O
D3,creative,O
,,
D3,One,O
D3,helpful,O
D3,feature,O
D3,of,O
D3,the,O
D3,TCP,B-FEATURE
D3,protocol,I-FEATURE
D3,is,O
D3,that,O
D3,systems,B-SYSTEM
D3,are,O
D3,required,O
D3,by,O
D3,RFC,B-FEATURE
D3,793,I-FEATURE
D3,to,O
D3,send,O
D3,a,O
D3,negative,B-FEATURE
D3,response,I-FEATURE
D3,to,O
D3,unexpected,O
D3,connection,B-FEATURE
D3,requests,I-FEATURE
D3,in,O
D3,the,O
D3,form,O
D3,of,O
D3,a,O
D3,TCP,B-DATA
D3,RST,I-DATA
D3,reset,I-DATA
D3,packet,I-DATA
,,
D3,The,O
D3,RST,B-DATA
D3,packet,I-DATA
D3,makes,O
D3,closed,B-FEATURE
D3,ports,B-FEATURE
D3,easy,O
D3,for,O
D3,Nmap,B-TOOL
D3,to,O
D3,recognize,O
,,
D3,Filtering,B-FEATURE
D3,devices,B-SYSTEM
D3,such,O
D3,as,O
D3,firewalls,B-TOOL
D3,on,O
D3,the,O
D3,other,O
D3,hand,O
D3,tend,O
D3,to,O
D3,drop,O
D3,packets,B-DATA
D3,destined,O
D3,for,O
D3,disallowed,O
D3,ports,B-FEATURE
,,
D3,In,O
D3,some,O
D3,cases,O
D3,they,O
D3,send,O
D3,ICMP,B-DATA
D3,error,I-DATA
D3,messages,I-DATA
D3,usually,O
D3,port,B-FEATURE
D3,unreachable,I-FEATURE
D3,instead,O
,,
D3,Because,O
D3,dropped,B-DATA
D3,packets,I-DATA
D3,and,O
D3,ICMP,B-DATA
D3,errors,I-DATA
D3,are,O
D3,easily,O
D3,distinguishable,O
D3,from,O
D3,RST,B-DATA
D3,packets,I-DATA
D3,Nmap,B-TOOL
D3,can,O
D3,reliably,B-FEATURE
D3,detect,B-TECHNIQUE
D3,filtered,B-FEATURE
D3,TCP,B-FEATURE
D3,ports,I-FEATURE
D3,from,O
D3,open,B-FEATURE
D3,or,O
D3,closed,B-FEATURE
D3,ones,O
D3,and,O
D3,it,O
D3,does,O
D3,so,O
D3,automatically,O
,,
D3,The,O
D3,ACK,B-TECHNIQUE
D3,scan,I-TECHNIQUE
D3,sends,O
D3,TCP,B-DATA
D3,packets,I-DATA
D3,with,O
D3,only,O
D3,the,O
D3,ACK,B-DATA
D3,bit,I-DATA
D3,set,I-DATA
,,
D3,Whether,O
D3,ports,B-FEATURE
D3,are,O
D3,open,B-FEATURE
D3,or,O
D3,closed,B-FEATURE
D3,the,O
D3,target,B-SYSTEM
D3,is,O
D3,required,O
D3,by,O
D3,RFC,B-FEATURE
D3,793,I-FEATURE
D3,to,O
D3,respond,B-FEATURE
D3,with,O
D3,a,O
D3,RST,B-DATA
D3,packet,I-DATA
,,
D3,Firewalls,B-TOOL
D3,can,O
D3,block,B-FEATURE
D3,the,O
D3,probe,B-TECHNIQUE
,,
D3,the,O
D3,firewall,B-TOOL
D3,usually,O
D3,makes,O
D3,no,O
D3,response,B-FEATURE
D3,or,O
D3,send,O
D3,back,O
D3,an,O
D3,ICMP,B-DATA
D3,destination,I-DATA
D3,unreachable,I-DATA
D3,error,I-DATA
,,
D3,This,O
D3,distinction,O
D3,allows,O
D3,Nmap,B-TOOL
D3,to,O
D3,report,O
D3,whether,O
D3,the,O
D3,ACK,B-DATA
D3,packets,I-DATA
D3,are,O
D3,being,O
D3,filtered,B-FEATURE
,,
D3,The,O
D3,set,O
D3,of,O
D3,filtered,B-FEATURE
D3,ports,I-FEATURE
D3,reported,O
D3,by,O
D3,an,O
D3,Nmap,B-TOOL
D3,ACK,B-TECHNIQUE
D3,scan,I-TECHNIQUE
D3,is,O
D3,often,O
D3,smaller,O
D3,than,O
D3,for,O
D3,an,O
D3,SYN,B-TECHNIQUE
D3,scan,I-TECHNIQUE
D3,against,O
D3,the,O
D3,same,O
D3,machine,B-SYSTEM
D3,because,O
D3,ACK,B-TECHNIQUE
D3,scans,I-TECHNIQUE
D3,are,O
D3,more,O
D3,difficult,O
D3,to,O
D3,filter,B-FEATURE
,,
D3,Stateless,B-FEATURE
D3,firewall,B-TOOL
D3,can,O
D3,block,B-FEATURE
D3,incoming,B-FEATURE
D3,SYN,B-DATA
D3,packets,I-DATA
D3,without,O
D3,the,O
D3,ACK,B-DATA
D3,bit,I-DATA
D3,set,I-DATA
D3,is,O
D3,an,O
D3,easy,O
D3,way,O
D3,to,O
D3,do,O
D3,this,O
D3,but,O
D3,it,O
D3,still,O
D3,allows,O
D3,any,O
D3,ACK,B-DATA
D3,packets,I-DATA
D3,through,O
,,
D3,Blocking,B-FEATURE
D3,those,O
D3,ACK,B-DATA
D3,packets,I-DATA
D3,is,O
D3,more,O
D3,difficult,O
D3,because,O
D3,they,O
D3,do,O
D3,not,O
D3,tell,O
D3,which,O
D3,side,O
D3,started,O
D3,the,O
D3,connection,B-FEATURE
,,
D3,Run,O
D3,SYN,B-TECHNIQUE
D3,scan,I-TECHNIQUE
D3,and,O
D3,ACK,B-TECHNIQUE
D3,scan,I-TECHNIQUE
D3,and,O
D3,compare,O
D3,difference,O
,,
D3,To,O
D3,block,B-FEATURE
D3,unsolicited,B-ATTACK
D3,ACK,B-DATA
D3,packets,I-DATA
D3,as,O
D3,sent,O
D3,by,O
D3,the,O
D3,Nmap,B-TOOL
D3,ACK,B-TECHNIQUE
D3,scan,I-TECHNIQUE
D3,while,O
D3,allowing,O
D3,ACK,B-DATA
D3,packets,I-DATA
D3,belonging,O
D3,to,O
D3,legitimate,B-FEATURE
D3,connections,B-FEATURE
,,
D3,firewalls,B-TOOL
D3,must,O
D3,statefully,B-FEATURE
D3,watch,O
D3,every,O
D3,established,B-FEATURE
D3,connection,I-FEATURE
D3,to,O
D3,determine,O
D3,whether,O
D3,a,O
D3,given,O
D3,ACK,B-FEATURE
D3,is,O
D3,appropriate,O
,,
D3,Please,O
D3,check,O
D3,the,O
D3,provided,O
D3,iptables,B-FEATURE
D3,firewall,B-TOOL
D3,rules,B-FUNCTION
D3,and,O
D3,check,O
D3,where,O
D3,the,O
D3,stateful,B-FEATURE
D3,firewall,B-TOOL
D3,policies,O
D3,kicked,O
D3,in,O
,,
D3,These,O
D3,stateful,B-FEATURE
D3,firewalls,B-TOOL
D3,are,O
D3,usually,O
D3,more,O
D3,secure,B-FEATURE
D3,because,O
D3,they,O
D3,can,O
D3,be,O
D3,more,O
D3,restrictive,O
,,
D3,Blocking,B-FEATURE
D3,ACK,B-TECHNIQUE
D3,scans,I-TECHNIQUE
D3,is,O
D3,one,O
D3,extra,O
D3,available,O
D3,restriction,O
,,
D3,The,O
D3,downsides,O
D3,are,O
D3,that,O
D3,they,O
D3,require,O
D3,more,O
D3,resources,O
D3,to,O
D3,function,O
D3,and,O
D3,a,O
D3,stateful,B-FEATURE
D3,firewall,B-TOOL
D3,reboot,B-FUNCTION
D3,can,O
D3,cause,O
D3,a,O
D3,device,B-SYSTEM
D3,to,O
D3,lose,O
D3,state,B-FEATURE
D3,and,O
D3,terminate,O
D3,all,O
D3,established,B-FEATURE
D3,connections,I-FEATURE
D3,passing,O
D3,through,O
D3,it,O
,,
D3,the,O
D3,key,O
D3,analysis,O
D3,point,O
D3,of,O
D3,this,O
D3,task,O
D3,is,O
D3,to,O
D3,check,O
D3,the,O
D3,feedback,O
D3,of,O
D3,Nmap,B-TOOL
D3,scans,B-TECHNIQUE
D3,with,O
D3,different,O
D3,scanning,B-TECHNIQUE
D3,options,O
D3,to,O
D3,understand,O
D3,the,O
D3,implication,O
D3,of,O
D3,Nmap,B-TOOL
D3,outputs,B-FEATURE
D3,filtered,B-FEATURE
D3,unfiltered,B-FEATURE
D3,closed,B-FEATURE
D3,open,B-FEATURE
,,
D3,What,O
D3,are,O
D3,the,O
D3,implications,O
D3,of,O
D3,the,O
D3,firewall,B-TOOL
D3,setup,B-SYSTEM
D3,according,O
D3,to,O
D3,these,O
D3,feedback,O
,,
D3,Systems,B-SYSTEM
D3,running,O
D3,TCP,B-FEATURE
D3,protocol,I-FEATURE
D3,is,O
D3,required,O
D3,by,O
D3,RFC,B-FEATURE
D3,793,I-FEATURE
D3,to,O
D3,send,O
D3,a,O
D3,negative,B-FEATURE
D3,response,I-FEATURE
D3,to,O
D3,unexpected,O
D3,connection,B-FEATURE
D3,requests,I-FEATURE
D3,in,O
D3,the,O
D3,form,O
D3,of,O
D3,a,O
D3,TCP,B-DATA
D3,RST,I-DATA
D3,reset,I-DATA
D3,packet,I-DATA
,,
D3,the,O
D3,key,O
D3,analysis,O
D3,point,O
D3,of,O
D3,this,O
D3,task,O
D3,is,O
D3,how,O
D3,to,O
D3,infer,O
D3,the,O
D3,deny-by-default,B-FEATURE
D3,firewall,B-TOOL
D3,policy,B-FEATURE
D3,based,O
D3,on,O
D3,the,O
D3,scanning,B-TECHNIQUE
D3,responses,B-FEATURE
D3,from,O
D3,the,O
D3,firewall,B-TOOL
,,
D3,The,O
D3,ACK,B-FEATURE
D3,scan,I-FEATURE
D3,sends,O
D3,TCP,B-DATA
D3,packets,I-DATA
D3,with,O
D3,only,O
D3,the,O
D3,ACK,B-DATA
D3,bit,I-DATA
D3,set,I-DATA
D3,Whether,O
D3,ports,B-FEATURE
D3,are,O
D3,open,B-FEATURE
D3,or,O
D3,closed,B-FEATURE
D3,the,O
D3,target,B-SYSTEM
D3,is,O
D3,required,O
D3,by,O
D3,RFC,B-FEATURE
D3,793,I-FEATURE
D3,to,O
D3,respond,O
D3,with,O
D3,a,O
D3,RST,B-DATA
D3,packet,I-DATA
,,
D3,the,O
D3,key,O
D3,analysis,O
D3,point,O
D3,of,O
D3,this,O
D3,task,O
D3,is,O
D3,how,O
D3,to,O
D3,infer,O
D3,stateful,B-FEATURE
D3,or,O
D3,stateless,B-FEATURE
D3,firewall,B-TOOL
D3,policies,B-FEATURE
D3,setup,B-SYSTEM
D3,based,O
D3,on,O
D3,the,O
D3,scanning,B-TECHNIQUE
D3,responses,B-FEATURE
D3,from,O
D3,the,O
D3,firewall,B-TOOL
,,
D3,What,O
D3,is,O
D3,your,O
D3,observation,O
D3,of,O
D3,the,O
D3,responding,O
D3,time,O
D3,of,O
D3,each,O
D3,type,O
D3,of,O
D3,scans,B-TECHNIQUE
D3,and,O
D3,what,O
D3,is,O
D3,the,O
D3,reason,O
D3,and,O
D3,implications?,O
,,
D3,Find,O
D3,at,O
D3,least,O
D3,one,O
D3,accessible,O
D3,open,B-FEATURE
D3,or,O
D3,closed,B-FEATURE
D3,port,B-FEATURE
D3,of,O
D3,one,O
D3,machine,B-SYSTEM
D3,on,O
D3,the,O
D3,internal,O
D3,network,B-SYSTEM
,,
D3,The,O
D3,machine,B-SYSTEM
D3,chosen,O
D3,should,O
D3,have,O
D3,little,O
D3,network,B-DATA
D3,traffic,I-DATA
D3,to,O
D3,avoid,O
D3,confusing,O
D3,results,O
,,
D3,Most,O
D3,Linux,B-SYSTEM
D3,system,I-SYSTEM
D3,does,O
D3,not,O
D3,work,O
,,
D3,Verify,O
D3,that,O
D3,the,O
D3,machine,B-SYSTEM
D3,has,O
D3,predictable,O
D3,IP,B-FEATURE
D3,ID,I-FEATURE
D3,sequences,O
,,
D3,targeting,O
D3,a,O
D3,Windows,B-SYSTEM
D3,XP,I-SYSTEM
D3,the,O
D3,Nping,B-TOOL
D3,options,O
D3,request,O
D3,that,O
D3,five,O
D3,SYN,B-DATA
D3,packets,I-DATA
D3,be,O
D3,sent,O
D3,to,O
D3,port,B-FEATURE
D3,80,I-FEATURE
D3,one,O
D3,second,O
D3,apart,O
,,
D3,Start,O
D3,a,O
D3,flooding,B-ATTACK
D3,to,O
D3,a,O
D3,chosen,O
D3,host,B-SYSTEM
,,
D3,Do,O
D3,not,O
D3,use,O
D3,any,O
D3,of,O
D3,the,O
D3,address,B-FEATURE
D3,from,O
D3,the,O
D3,nping,B-TOOL
D3,node,B-SYSTEM
,,
D3,It,O
D3,shows,O
D3,that,O
D3,the,O
D3,IP,B-FEATURE
D3,IDs,I-FEATURE
D3,are,O
D3,increasing,O
D3,by,O
D3,roughly,O
D3,11,O
D3,per,O
D3,second,O
D3,instead,O
D3,of,O
D3,one,O
,,
D3,The,O
D3,target,B-SYSTEM
D3,19216803,O
D3,is,O
D3,receiving,O
D3,our,O
D3,10,O
D3,forged,B-ATTACK
D3,packets,I-ATTACK
D3,per,O
D3,second,O
D3,and,O
D3,responding,O
D3,to,O
D3,each,O
D3,of,O
D3,them,O
,,
D3,Repeat,O
D3,step,O
D3,3,O
D3,using,O
D3,spoofed,B-VULNERABILITY
D3,addresses,B-FEATURE
D3,that,O
D3,you,O
D3,suspect,O
D3,may,O
D3,be,O
D3,allowed,O
D3,through,O
D3,the,O
D3,firewall,B-TOOL
,,
D3,This,O
D3,technique�s,O
D3,result,O
D3,is,O
D3,a,O
D3,list,O
D3,of,O
D3,source,B-SYSTEM
D3,address,B-FEATURE
D3,netblocks,B-TECHNIQUE
D3,that,O
D3,are,O
D3,permitted,O
D3,through,O
D3,the,O
D3,firewall,B-TOOL
D3,and,O
D3,those,O
D3,that,O
D3,are,O
D3,blocked,B-FEATURE
,,
D3,UDP,B-FEATURE
D3,is,O
D3,often,O
D3,more,O
D3,difficult,O
D3,because,O
D3,the,O
D3,protocol,B-FEATURE
D3,does,O
D3,not,O
D3,provide,O
D3,acknowledgment,O
D3,of,O
D3,open,B-FEATURE
D3,ports,I-FEATURE
D3,like,O
D3,TCP,B-FEATURE
D3,does,O
,,
D3,Many,O
D3,UDP,B-FEATURE
D3,applications,B-APP
D3,will,O
D3,ignore,O
D3,unexpected,O
D3,packets,B-DATA
D3,leaving,O
D3,the,O
D3,scanner,B-TOOL
D3,unsure,O
D3,whether,O
D3,the,O
D3,port,B-FEATURE
D3,is,O
D3,open,B-FEATURE
D3,or,O
D3,filtered,B-FEATURE
,,
D3,what,O
D3,is,O
D3,the,O
D3,implication,O
D3,of,O
D3,open,B-FEATURE
D3,or,O
D3,filtered,B-FEATURE
D3,states,O
D3,of,O
D3,the,O
D3,UDP,B-TECHNIQUE
D3,scan,I-TECHNIQUE
,,
D3,how,O
D3,to,O
D3,use,O
D3,Nmap,B-TOOL
D3,to,O
D3,perform,O
D3,port,B-TECHNIQUE
D3,scanning,I-TECHNIQUE
,,
D3,Based,O
D3,on,O
D3,the,O
D3,scanning,B-TECHNIQUE
D3,results,O
D3,can,O
D3,you,O
D3,further,O
D3,deploy,B-FUNCTION
D3,idle,B-TECHNIQUE
D3,scan,I-TECHNIQUE
D3,and,O
D3,FTP,B-TECHNIQUE
D3,Bounce,I-TECHNIQUE
D3,scan,I-TECHNIQUE
,,
D3,Nmap,B-TOOL
D3,uses,O
D3,the,O
D3,g,O
D3,and,O
D3,source,B-SYSTEM
D3,port,B-FEATURE
D3,options,O
D3,to,O
D3,manipulate,O
D3,source,B-SYSTEM
D3,ports,B-FEATURE
D3,of,O
D3,transmitted,B-DATA
D3,packets,I-DATA
,,
D3,Many,O
D3,intrusion,B-TOOL
D3,detection,I-TOOL
D3,systems,I-TOOL
D3,have,O
D3,morphed,O
D3,into,O
D3,what,O
D3,marketing,O
D3,departments,O
D3,label,O
D3,intrusion,B-TOOL
D3,prevention,I-TOOL
D3,systems,I-TOOL
,,
D3,Some,O
D3,can,O
D3,only,O
D3,sniff,B-TECHNIQUE
D3,the,O
D3,network,B-SYSTEM
D3,like,O
D3,a,O
D3,normal,O
D3,IDS,B-TOOL
D3,and,O
D3,send,O
D3,triggered,B-FEATURE
D3,packet,I-FEATURE
D3,responses,I-FEATURE
,,
D3,The,O
D3,best,O
D3,IPS,B-TOOL
D3,systems,I-TOOL
D3,are,O
D3,inline,O
D3,on,O
D3,the,O
D3,network,B-SYSTEM
D3,to,O
D3,restrict,O
D3,packet,B-FEATURE
D3,flow,I-FEATURE
D3,when,O
D3,suspicious,B-VULNERABILITY
D3,activity,I-VULNERABILITY
D3,is,O
D3,detected,B-TECHNIQUE
,,
D3,For,O
D3,example,O
D3,an,O
D3,IPS,B-TOOL
D3,may,O
D3,block,B-FEATURE
D3,any,O
D3,further,O
D3,traffic,B-DATA
D3,from,O
D3,an,O
D3,IP,B-FEATURE
D3,address,I-FEATURE
D3,that,O
D3,they,O
D3,believe,O
D3,has,O
D3,port,B-TECHNIQUE
D3,scanned,I-TECHNIQUE
D3,them,O
D3,or,O
D3,attempted,O
D3,buffer,B-ATTACK
D3,overflow,I-ATTACK
D3,exploit,I-ATTACK
,,
D3,Attackers,B-ATTACKER
D3,are,O
D3,likely,O
D3,to,O
D3,notice,O
D3,this,O
D3,if,O
D3,they,O
D3,port,B-TECHNIQUE
D3,scan,I-TECHNIQUE
D3,a,O
D3,system,B-SYSTEM
D3,and,O
D3,cannot,O
D3,connect,O
D3,to,O
D3,the,O
D3,reported,O
D3,open,B-FEATURE
D3,ports,I-FEATURE
,,
D3,Attackers,B-ATTACKER
D3,can,O
D3,confirm,O
D3,that,O
D3,they,O
D3,are,O
D3,blocked,B-FEATURE
D3,by,O
D3,trying,O
D3,to,O
D3,connect,O
D3,from,O
D3,another,O
D3,IP,B-FEATURE
D3,address,I-FEATURE
,,
D3,Suspicious,B-VULNERABILITY
D3,response,B-DATA
D3,packets,I-DATA
D3,can,O
D3,also,O
D3,tip-off,O
D3,that,O
D3,an,O
D3,IDS,B-TOOL
D3,has,O
D3,flagged,B-FEATURE
D3,an,O
D3,attacker�s,B-ATTACKER
D3,actions,O
,,
D3,In,O
D3,particular,O
D3,many,O
D3,IDSs,B-TOOL
D3,that,O
D3,are,O
D3,not,O
D3,inline,O
D3,on,O
D3,the,O
D3,network,B-SYSTEM
D3,will,O
D3,forge,B-VULNERABILITY
D3,RST,B-DATA
D3,packets,I-DATA
D3,to,O
D3,tear,O
D3,down,O
D3,connections,B-FEATURE
,,
D3,Ways,O
D3,to,O
D3,determine,O
D3,that,O
D3,these,O
D3,packets,B-DATA
D3,are,O
D3,forged,B-VULNERABILITY
D3,are,O
D3,covered,O
D3,in,O
D3,the,O
D3,section,O
D3,called,O
D3,Detecting,B-TECHNIQUE
D3,Packet,B-ATTACK
D3,Forgery,I-ATTACK
D3,by,O
D3,Firewall,B-TOOL
D3,and,O
D3,Intrusion,B-TOOL
D3,Detection,I-TOOL
D3,Systems,I-TOOL
,,
D3,For,O
D3,example,O
D3,the,O
D3,Linux,B-SYSTEM
D3,iptables,B-APP
D3,system,B-SYSTEM
D3,which,O
D3,offers,O
D3,many,O
D3,methods,O
D3,for,O
D3,rejecting,O
D3,undesired,O
D3,packets,B-DATA
D3,by,O
D3,using:,O
,,
D3,The,O
D3,type,O
D3,given,O
D3,can,O
D3,be,O
D3,icmp-net-unreachable,B-FEATURE
D3,icmp-host-unreachable,B-FEATURE
D3,icmp-port-unreachable,B-FEATURE
D3,icmp-proto-unreachable,B-FEATURE
D3,icmp-net-prohibited,B-FEATURE
D3,or,O
D3,icmp-host-prohibited,B-FEATURE
D3,which,O
D3,return,O
D3,the,O
D3,appropriate,O
D3,ICMP,B-DATA
D3,error,I-DATA
D3,message,I-DATA
D3,port-unreachable,B-FEATURE
D3,is,O
D3,the,O
D3,default,O
,,
D3,The,O
D3,option,O
D3,tcp-reset,B-FEATURE
D3,can,O
D3,be,O
D3,used,O
D3,on,O
D3,rules,B-FUNCTION
D3,which,O
D3,only,O
D3,match,O
D3,the,O
D3,TCP,B-FEATURE
D3,protocol,I-FEATURE
,,
D3,this,O
D3,causes,O
D3,a,O
D3,TCP,B-DATA
D3,RST,I-DATA
D3,packet,I-DATA
D3,to,O
D3,be,O
D3,sent,O
D3,back,O
,,
D3,This,O
D3,is,O
D3,mainly,O
D3,useful,O
D3,for,O
D3,blocking,B-FEATURE
D3,ident,B-FEATURE
D3,113/tcp,I-FEATURE
D3,probes,B-TECHNIQUE
D3,which,O
D3,frequently,O
D3,occur,O
D3,when,O
D3,sending,O
D3,mail,O
D3,to,O
D3,broken,B-FEATURE
D3,mail,B-SYSTEM
D3,hosts,I-SYSTEM
D3,which,O
D3,wont,O
D3,accept,O
D3,your,O
D3,mail,O
D3,otherwise,O
,,
D3,Forging,B-ATTACK
D3,RST,B-DATA
D3,packets,I-DATA
D3,by,O
D3,firewalls,B-TOOL
D3,and,O
D3,IDS,B-TOOL
D3,or,O
D3,IPS,B-TOOL
D3,is,O
D3,not,O
D3,particularly,O
D3,common,O
D3,outside,O
D3,of,O
D3,port,B-FEATURE
D3,113,I-FEATURE
,,
D3,It,O
D3,can,O
D3,be,O
D3,confusing,O
D3,to,O
D3,legitimate,B-FEATURE
D3,network,B-SECURITYTEAM
D3,operators,I-SECURITYTEAM
D3,and,O
D3,allows,O
D3,scanners,B-TOOL
D3,to,O
D3,immediately,O
D3,move,O
D3,on,O
D3,to,O
D3,the,O
D3,next,O
D3,port,B-FEATURE
D3,without,O
D3,waiting,O
D3,on,O
D3,the,O
D3,timeout,B-FEATURE
D3,caused,O
D3,by,O
D3,dropped,B-DATA
D3,packets,I-DATA
,,
D3,Such,O
D3,forgery,B-ATTACK
D3,can,O
D3,usually,O
D3,be,O
D3,detected,B-TECHNIQUE
D3,by,O
D3,careful,O
D3,analysis,B-TECHNIQUE
D3,of,O
D3,the,O
D3,RST,B-DATA
D3,packet,I-DATA
D3,compared,O
D3,to,O
D3,other,O
D3,packets,B-DATA
D3,sent,O
D3,by,O
D3,the,O
D3,machine,B-SYSTEM
,,
D3,you,O
D3,can,O
D3,purposely,O
D3,alter,O
D3,some,O
D3,iptables,B-APP
D3,rules,B-FUNCTION
D3,and,O
D3,observe,O
D3,the,O
D3,difference,O
D3,and,O
D3,how,O
D3,the,O
D3,changes,O
D3,can,O
D3,impact,O
D3,your,O
D3,inferences,O
D3,about,O
D3,the,O
D3,firewall,B-TOOL
D3,setup,B-SYSTEM
,,
D3,One,O
D3,way,O
D3,to,O
D3,detect,B-TECHNIQUE
D3,certain,O
D3,IDSs,B-TOOL
D3,is,O
D3,to,O
D3,watch,O
D3,for,O
D3,unexplained,O
D3,gaps,O
D3,or,O
D3,suspicious,B-VULNERABILITY
D3,machines,B-SYSTEM
D3,in,O
D3,traceroutes,B-TOOL
,,
D3,While,O
D3,most,O
D3,operating,B-SYSTEM
D3,systems,I-SYSTEM
D3,include,O
D3,a,O
D3,traceroute,B-TOOL
D3,command,B-FUNCTION
D3,Nmap,B-TOOL
D3,offers,O
D3,a,O
D3,faster,O
D3,and,O
D3,more,O
D3,effective,O
D3,alternative,O
D3,with,O
D3,the,O
D3,traceroute,B-TOOL
D3,option,O
,,
D3,This,O
D3,approach,O
D3,may,O
D3,only,O
D3,detect,B-TECHNIQUE
D3,inline,B-FEATURE
D3,IDSs,B-TOOL
D3,instead,O
D3,of,O
D3,those,O
D3,that,O
D3,passively,B-FEATURE
D3,sniff,B-TECHNIQUE
D3,the,O
D3,network,B-SYSTEM
D3,without,O
D3,being,O
D3,part,O
D3,of,O
D3,the,O
D3,route,B-FUNCTION
,,
D3,Additionally,O
D3,inspect,B-TECHNIQUE
D3,iptables,B-APP
D3,rules,B-FUNCTION
D3,and,O
D3,output,O
D3,from,O
D3,Nmap,B-TOOL
D3,and,O
D3,ping,B-FUNCTION
D3,and,O
D3,explain,O
D3,why,O
D3,the,O
D3,above-issued,O
D3,commands,B-FUNCTION
D3,cannot,O
D3,return,O
D3,the,O
D3,path,O
D3,information,B-DATA
,,
D3,The,O
D3,following,O
D3,techniques,O
D3,are,O
D3,used,O
D3,to,O
D3,avoid,O
D3,being,O
D3,detected,B-TECHNIQUE
D3,by,O
D3,the,O
D3,IDS,B-TOOL
D3,snort,B-TOOL
,,
D3,Your,O
D3,snort,B-TOOL
D3,can,O
D3,detect,B-TECHNIQUE
D3,many,O
D3,scanning,B-TECHNIQUE
D3,activities,O
D3,based,O
D3,on,O
D3,the,O
D3,given,O
D3,snort,B-FUNCTION
D3,rules,I-FUNCTION
,,
D3,how,O
D3,to,O
D3,configure,B-FUNCTION
D3,your,O
D3,scanning,B-TECHNIQUE
D3,parameters,B-FEATURE
D3,in,O
D3,the,O
D3,following,O
D3,given,O
D3,strategies,O
,,
D3,from,O
D3,slow,B-FEATURE
D3,down,I-FEATURE
D3,to,O
D3,DNS,B-SYSTEM
D3,proxying,I-SYSTEM
D3,which,O
D3,ones,O
D3,you,O
D3,can,O
D3,deploy,B-FUNCTION
D3,in,O
D3,our,O
D3,testing,B-SYSTEM
D3,environment,I-SYSTEM
,,
D3,You,O
D3,need,O
D3,to,O
D3,check,O
D3,the,O
D3,rules,B-FUNCTION
D3,specified,O
D3,in,O
D3,the,O
D3,given,O
D3,snort,B-TOOL
D3,local,O
D3,rules,B-FUNCTION
,,
D3,Based,O
D3,on,O
D3,the,O
D3,following,O
D3,given,O
D3,Nmap,B-TOOL
D3,scanning,B-TECHNIQUE
D3,methods,O
D3,design,O
D3,new,O
D3,Nmap,B-TOOL
D3,scanning,B-TECHNIQUE
D3,commands,B-FUNCTION
D3,to,O
D3,avoided,O
D3,being,O
D3,detected,B-TECHNIQUE
D3,by,O
D3,snort,B-FUNCTION
D3,rules,I-FUNCTION
,,
D3,Nmap,B-TOOL
D3,offers,O
D3,several,O
D3,timing,B-FEATURE
D3,modes,I-FEATURE
D3,that,O
D3,can,O
D3,be,O
D3,selected,O
D3,with,O
D3,the,O
D3,T,O
D3,option,O
D3,to,O
D3,accomplish,O
D3,this,O
,,
D3,For,O
D3,example,O
D3,the,O
D3,T,O
D3,paranoid,B-FEATURE
D3,option,I-FEATURE
D3,causes,O
D3,Nmap,B-TOOL
D3,to,O
D3,send,O
D3,just,O
D3,one,O
D3,probe,B-TECHNIQUE
D3,at,O
D3,a,O
D3,time,O
D3,waiting,O
D3,five,O
D3,minutes,O
D3,between,O
D3,them,O
,,
D3,A,O
D3,large,O
D3,scan,B-TECHNIQUE
D3,may,O
D3,take,O
D3,weeks,O
D3,but,O
D3,at,O
D3,least,O
D3,it,O
D3,probably,O
D3,will,O
D3,not,O
D3,be,O
D3,detected,B-TECHNIQUE
,,
D3,The,O
D3,T,O
D3,sneaky,B-FEATURE
D3,option,I-FEATURE
D3,is,O
D3,similar,O
D3,but,O
D3,it,O
D3,only,O
D3,waits,O
D3,15,O
D3,seconds,O
D3,between,O
D3,probes,B-TECHNIQUE
,,
D3,Scatter,O
D3,probes,B-TECHNIQUE
D3,across,O
D3,networks,B-SYSTEM
D3,rather,O
D3,than,O
D3,scanning,B-TECHNIQUE
D3,hosts,B-SYSTEM
D3,consecutively,O
,,
D3,IP,B-FEATURE
D3,fragments,I-FEATURE
D3,can,O
D3,be,O
D3,a,O
D3,major,O
D3,problem,O
D3,for,O
D3,intrusion,B-TOOL
D3,detection,I-TOOL
D3,systems,I-TOOL
,,
D3,particularly,O
D3,because,O
D3,the,O
D3,handling,O
D3,of,O
D3,oddities,O
D3,such,O
D3,as,O
D3,overlapping,B-FEATURE
D3,fragments,I-FEATURE
D3,and,O
D3,fragmentation,B-FEATURE
D3,assembly,I-FEATURE
D3,timeouts,I-FEATURE
D3,are,O
D3,ambiguous,O
D3,and,O
D3,differ,O
D3,substantially,O
D3,between,O
D3,platforms,B-SYSTEM
,,
D3,Thus,O
D3,the,O
D3,IDS,B-TOOL
D3,often,O
D3,has,O
D3,to,O
D3,guess,O
D3,at,O
D3,how,O
D3,the,O
D3,remote,B-SYSTEM
D3,system,I-SYSTEM
D3,will,O
D3,interpret,O
D3,a,O
D3,packet,B-DATA
,,
D3,An,O
D3,Nmap,B-TOOL
D3,scan,B-TECHNIQUE
D3,will,O
D3,use,O
D3,tiny,B-FEATURE
D3,IP,I-FEATURE
D3,fragments,I-FEATURE
,,
D3,By,O
D3,default,O
D3,Nmap,B-TOOL
D3,will,O
D3,include,O
D3,up,O
D3,to,O
D3,eight,O
D3,bytes,B-DATA
D3,of,O
D3,data,B-DATA
D3,in,O
D3,each,O
D3,fragment,B-FEATURE
D3,so,O
D3,a,O
D3,typical,O
D3,20,O
D3,or,O
D3,24,O
D3,byte,B-DATA
D3,depending,O
D3,on,O
D3,options,O
D3,TCP,B-DATA
D3,packet,I-DATA
D3,is,O
D3,sent,O
D3,in,O
D3,three,O
D3,tiny,B-FEATURE
D3,fragments,I-FEATURE
,,
D3,Every,O
D3,instance,O
D3,of,O
D3,F,O
D3,adds,O
D3,eight,O
D3,to,O
D3,the,O
D3,maximum,O
D3,fragment,B-FEATURE
D3,data,B-FEATURE
D3,size,I-FEATURE
,,
D3,Fragmentation,B-TECHNIQUE
D3,is,O
D3,only,O
D3,supported,O
D3,for,O
D3,Nmap�s,B-TOOL
D3,raw,B-DATA
D3,packet,I-DATA
D3,features,O
D3,including,O
D3,TCP,B-FEATURE
D3,and,O
D3,UDP,B-FEATURE
D3,port,B-TECHNIQUE
D3,scans,I-TECHNIQUE
D3,except,O
D3,connect,B-TECHNIQUE
D3,scan,I-TECHNIQUE
D3,and,O
D3,FTP,B-TECHNIQUE
D3,bounce,I-TECHNIQUE
D3,scan,I-TECHNIQUE
D3,and,O
D3,OS,B-TECHNIQUE
D3,detection,I-TECHNIQUE
,,
D3,Features,B-FEATURE
D3,such,O
D3,as,O
D3,version,B-TECHNIQUE
D3,detection,I-TECHNIQUE
D3,and,O
D3,the,O
D3,Nmap,B-TOOL
D3,Scripting,I-TOOL
D3,Engine,I-TOOL
D3,generally,O
D3,don�t,O
D3,support,O
D3,fragmentation,B-TECHNIQUE
,,
D3,because,O
D3,they,O
D3,rely,O
D3,on,O
D3,your,O
D3,host�s,B-SYSTEM
D3,TCP,B-FEATURE
D3,stack,I-FEATURE
D3,to,O
D3,communicate,O
D3,with,O
D3,target,B-APP
D3,services,I-APP
,,
D3,Decoys,B-TECHNIQUE
D3,are,O
D3,added,O
D3,with,O
D3,the,O
D3,D,O
D3,option,O
,,
D3,The,O
D3,argument,O
D3,is,O
D3,a,O
D3,list,O
D3,of,O
D3,hosts,B-SYSTEM
D3,separated,O
D3,by,O
D3,commas,O
,,
D3,The,O
D3,string,O
D3,ME,O
D3,can,O
D3,be,O
D3,used,O
D3,as,O
D3,one,O
D3,of,O
D3,the,O
D3,decoys,B-TECHNIQUE
D3,to,O
D3,represent,O
D3,where,O
D3,the,O
D3,TRUE,O
D3,source,B-SYSTEM
D3,host,I-SYSTEM
D3,should,O
D3,appear,O
D3,in,O
D3,the,O
D3,scan,B-TECHNIQUE
D3,order,O
,,
D3,source,B-SYSTEM
D3,IP,B-FEATURE
D3,and,O
D3,Nmap,B-TOOL
D3,will,O
D3,launch,O
D3,the,O
D3,requested,O
D3,port,B-TECHNIQUE
D3,scan,I-TECHNIQUE
D3,from,O
D3,that,O
D3,given,O
D3,source,B-SYSTEM
,,
D3,No,O
D3,useful,O
D3,Nmap,B-TOOL
D3,results,O
D3,will,O
D3,be,O
D3,available,O
D3,since,O
D3,the,O
D3,target,B-SYSTEM
D3,will,O
D3,respond,O
D3,to,O
D3,the,O
D3,spoofed,B-VULNERABILITY
D3,IP,B-FEATURE
D3,and,O
D3,Nmap,B-TOOL
D3,will,O
D3,not,O
D3,see,O
D3,those,O
D3,responses,B-FEATURE
,,
D3,IDS,B-TOOL
D3,alarms,B-FUNCTION
D3,at,O
D3,the,O
D3,target,B-SYSTEM
D3,will,O
D3,blame,O
D3,the,O
D3,spoofed,B-VULNERABILITY
D3,source,O
D3,for,O
D3,the,O
D3,scan,B-TECHNIQUE
,,
D3,This,O
D3,can,O
D3,be,O
D3,useful,O
D3,for,O
D3,framing,O
D3,innocent,O
D3,parties,O
D3,casting,O
D3,doubt,O
D3,in,O
D3,the,O
D3,administrator�s,B-SECURITYTEAM
D3,mind,O
D3,about,O
D3,his,O
D3,IDS,B-TOOL
D3,accuracy,B-FEATURE
,,
D3,The,O
D3,idle,B-TECHNIQUE
D3,scan,I-TECHNIQUE
D3,is,O
D3,a,O
D3,clever,O
D3,technique,O
D3,that,O
D3,allows,O
D3,for,O
D3,spoofing,B-VULNERABILITY
D3,the,O
D3,source,B-SYSTEM
D3,IP,B-FEATURE
D3,address,I-FEATURE
D3,as,O
D3,discussed,O
D3,in,O
D3,the,O
D3,previous,O
D3,section,O
D3,while,O
D3,still,O
D3,obtaining,O
D3,accurate,O
D3,TCP,B-TECHNIQUE
D3,port,I-TECHNIQUE
D3,scan,I-TECHNIQUE
D3,results,O
,,
D3,This,O
D3,is,O
D3,done,O
D3,by,O
D3,abusing,O
D3,the,O
D3,properties,O
D3,of,O
D3,the,O
D3,IP,B-FEATURE
D3,identification,I-FEATURE
D3,field,I-FEATURE
D3,as,O
D3,implemented,O
D3,by,O
D3,many,O
D3,systems,B-SYSTEM
,,
D3,However,O
D3,most,O
D3,Linux,B-SYSTEM
D3,systems,I-SYSTEM
D3,are,O
D3,immune,O
D3,to,O
D3,idle,B-ATTACK
D3,scan,I-ATTACK
D3,attacks,I-ATTACK
,,
D3,Nmap,B-TOOL
D3,performs,O
D3,reverse-DNS,B-FUNCTION
D3,resolution,I-FUNCTION
D3,by,O
D3,default,O
D3,against,O
D3,every,O
D3,responsive,B-FEATURE
D3,host,B-SYSTEM
,,
D3,These,O
D3,DNS,B-FUNCTION
D3,lookup,I-FUNCTION
D3,probes,B-TECHNIQUE
D3,could,O
D3,be,O
D3,detected,B-TECHNIQUE
D3,Even,O
D3,something,O
D3,as,O
D3,unintrusive,B-FEATURE
D3,as,O
D3,a,O
D3,list,B-TECHNIQUE
D3,scan,I-TECHNIQUE
D3,it,O
D3,could,O
D3,be,O
D3,detected,B-TECHNIQUE
D3,this,O
D3,way,O
,,
D3,The,O
D3,probes,B-TECHNIQUE
D3,will,O
D3,come,O
D3,from,O
D3,the,O
D3,DNS,B-SYSTEM
D3,server,I-SYSTEM
D3,configured,B-FUNCTION
D3,for,O
D3,the,O
D3,machine,B-SYSTEM
D3,running,O
D3,Nmap,B-TOOL
,,
D3,The,O
D3,most,O
D3,effective,O
D3,way,O
D3,to,O
D3,eliminate,O
D3,this,O
D3,risk,B-FEATURE
D3,is,O
D3,to,O
D3,specify,O
D3,n,O
D3,to,O
D3,disable,O
D3,all,O
D3,reverse,B-FUNCTION
D3,DNS,I-FUNCTION
D3,resolution,I-FUNCTION
,,
D3,You,O
D3,can,O
D3,specify,O
D3,one,O
D3,or,O
D3,more,O
D3,of,O
D3,those,O
D3,name,B-SYSTEM
D3,servers,I-SYSTEM
D3,to,O
D3,the,O
D3,dns,B-SYSTEM
D3,servers,I-SYSTEM
D3,option,O
D3,of,O
D3,Nmap,B-TOOL
D3,and,O
D3,all,O
D3,DNS,B-FUNCTION
D3,queries,I-FUNCTION
D3,will,O
D3,be,O
D3,proxied,B-SYSTEM
D3,through,O
D3,them,O
,,
D3,The,O
D3,scanning,B-TECHNIQUE
D3,results,O
D3,derived,O
D3,from,O
D3,task,O
D3,1,O
D3,to,O
D3,task,O
D3,3,O
D3,allows,O
D3,you,O
D3,to,O
D3,identify,O
D3,potential,O
D3,vulnerabilities,B-VULNERABILITY
D3,to,O
D3,explore,B-TECHNIQUE
,,
